skin_tone,palette
#efc7b1,#ADC6EE,#EFD2AE,#EEB3AD,#AEEEC5,#C6ADEE
#eec6b1,#AEC7EE,#EED3AE,#EFB4AE,#AFEECC,#C6AEEE
#efc5b1,#ADC7EE,#EFD3AF,#EEB5AF,#AEEEBD,#C6AFEE
#efc6b0,#AEC6ED,#EED1AE,#EEB3AE,#B0EEC7,#C7AEEE
#efc6b2,#AEC6EF,#EDD2AE,#EEB4AF,#ADDEC6,#C5AEEE
#eec7b1,#AEC5EE,#EED2AD,#EFB5AE,#AEECC7,#C7ADEE
#f0c6b1,#ADC6EF,#EFD2AF,#EDB4AE,#AEEECB,#C5AFEE
#eec5b1,#AFC6EE,#EED3AD,#EFB4AD,#AFEDC6,#C6AEED
#efc7b0,#AEC8EE,#EED0AE,#EFB3AE,#B0EFC5,#C6B0EE
#efc5b2,#AFC7EE,#EED2AC,#EEB5AE,#AFEEC6,#C7AFEE
#eec6b0,#ABC6EE,#EFD1AE,#EEB4AD,#AEEFC7,#C5AEEE
#efc7b2,#ADC5EE,#EDD3AE,#EEB3AF,#AEEEBE,#C6ADFD
#eec5b0,#AFC6ED,#EDD2AF,#EEB5B0,#AFEEC4,#C6AFFD
#efc8b1,#AEC6EC,#EED3B0,#EFB3AF,#AEEEBF,#C7AFFD
#efc5b0,#AFC6EF,#EED1AF,#EDB5AE,#AFEECB,#C7AEDD
#efc6b3,#ADC6F0,#EED0AF,#EEB6AE,#B1EEC6,#C7AEED
#eec6b2,#AFC6F0,#EDD1AE,#EFB5AF,#B0EEBE,#C5AEDD
#f0c7b1,#AEC4EE,#EED4AE,#EEB4B0,#AFEEBE,#C6AFED
#efc8b0,#ADC4EE,#EFD2AD,#EFB6AE,#ADEED3,#C5AFED
#efc5af,#ADC7EF,#EFD1AF,#EDB3AE,#AFEDBD,#C7AFDE
#eec7b0,#ADC8EE,#EED4AF,#EEB3AC,#B0EECB,#C7AEEF
#f0c6b0,#ABC7EE,#EDD2AD,#EFB3AD,#AFEDBE,#C6AEEC
#efc8b2,#AFC5EE,#EED5AE,#EEB5B1,#AEECCA,#C5AEEC
#eec8b1,#ADC7ED,#EDD0AE,#EEB6AF,#AFEDCB,#C7AFEC
#efc7b3,#AFC6EC,#EED0AD,#EEB4AC,#AFDEBD,#C5AFEC
#efc5b3,#AFC8EE,#EED5AF,#EDB5AF,#B0DEC6,#C6AFEC
#eec5b2,#AEC7EF,#EFD3B0,#EFB4B0,#AEEFBF,#C7AFEE
#f0c7b0,#ADC8EF,#EFD4AE,#EFB5B0,#AFEFC5,#C5AEEE
#eec6af,#AFC8EF,#EDD3AF,#EDB4AF,#ADEED0,#C7AFED
#efc6b4,#AEC7F0,#EED6AE,#EFB6AF,#B0EDC5,#C6AEDF
#efc4b1,#ADC9EE,#EFD0AF,#EDB4AD,#AEEFC6,#C7AEEB
#eec7b2,#AEC8EF,#EFD1B0,#EEB6B0,#AFEFD4,#C6AEFA
#f0c5b1,#AFC7ED,#EFD4AF,#EEB3B0,#AFDEC4,#C7AFDB
#eec5af,#AFC7EC,#EDD1AF,#EDB5B0,#B0EED5,#C6AEDB
#efc4b0,#ABC6EF,#EED1B0,#EDB6AE,#AFECC6,#C7AFCA
#eec8b0,#ADC9EF,#EED6AF,#EEB4B1,#AFDECB,#C6AEDA
#efc7af,#ABC5EE,#EFD0AE,#EFB6B0,#AEEECA,#C7AFEA
#f0c6b2,#AEC5EF,#EDD4AE,#EDB3AF,#AFDEC7,#C6AFEA
#eec4b1,#AFC5EF,#EED5B0,#EEB5AC,#B0DED4,#C5AFDA
#efc8b3,#AFC5ED,#EFD2B0,#EFB3B0,#B0EFC6,#C6AFBA
#eec4b0,#AEC4EF,#EDD5AE,#EEB3B1,#AEEFC9,#C5AEDA
#f0c5b0,#AEC4EE,#EFD5B0,#EFB5AC,#AFDECC,#C7AEEA
#eec7b3,#ABC8EE,#EED4B0,#EEB6B1,#AEEED0,#C6AEBB
#efc6af,#ADC4EF,#EED6B0,#EDB6AF,#AFEECD,#C7AEBB
#f0c8b1,#ABC7EF,#EDD6AE,#EFB4B1,#ADEEC9,#C6AEBB
#eec6b3,#ADC5EF,#EFD1B1,#EDB3AD,#AFEECA,#C5AEBB
#efc4b2,#AEC9EE,#EED7AE,#EDB4B0,#AEEED2,#C6AEC9
#f0c5b2,#AEC8ED,#EDD7AE,#EDB6B0,#B0EECB,#C7AEC9
#eec4b2,#AFC8ED,#EED5AD,#EEB7AE,#ADEED4,#C6AED9
#f0c6b3,#ADC8F0,#EFD6AE,#EDB6B1,#B1DEC6,#C5AEDA
#fddbc6,#ffdacb,#f2b2bf,#e1a6ff,#bbe2ff,#ffc7dc
#fcdac7,#fed3c4,#f4b6c0,#e0a9ff,#bde1fe,#ffc7de
#fddac6,#ffd9c6,#f3b3bf,#dfadff,#bfe1fe,#ffcadb
#fcdac8,#fdd6c8,#f4b7c1,#dfb2ff,#bde0ff,#ffcadf
#fdd9c7,#ffd7c9,#f2b3c0,#e1abff,#bde2ff,#ffc9db
#fcd9c7,#fdd5c5,#f4b5c1,#e0b3ff,#bfe3fe,#ffc9de
#fedac7,#fcd6c7,#f3b4c0,#e2b1ff,#bbe3fe,#ffc8dc
#fcdac6,#ffdbcc,#f5b7c2,#e2a7ff,#bde0fd,#ffc8de
#fdd9c6,#ffd4c5,#f2b1be,#e1aaff,#bce1fe,#ffc6dc
#fedac6,#ffdccb,#f5b8c2,#e0afff,#bde3fe,#ffc6df
#fcd9c8,#ffd8c8,#f3b5c1,#e0acff,#bde1fd,#ffc8dd
#fddbc7,#fdd5c7,#f2b1bf,#dfb3ff,#bde2fe,#ffc9dd
#fddac8,#ffdacc,#f3b6c1,#e1a8ff,#bde1ff,#ffcbdb
#fcd9c6,#ffdccd,#f5b8c1,#e1b1ff,#bde3ff,#ffcbde
#fdd9c8,#ffd5c4,#f4b7c0,#e2a9ff,#bce0ff,#ffcad9
#fcd8c7,#fcd8c5,#f4b6c3,#dfa8ff,#bbe0fe,#ffcadc
#fdd8c7,#fed8c9,#f2b2c0,#e2acff,#bde4fe,#ffc9da
#fcd8c8,#ffd3c6,#f3b4bf,#dfabff,#bce2ff,#ffc9dd
#fddac5,#fed4c5,#f5b9c3,#dfb0ff,#bfe0fe,#ffc8da
#fedac8,#ffd8cb,#f4b5c2,#e2aeff,#bce0fe,#ffc8dd
#fcd8c6,#ffdcc9,#f5b9c2,#e1b4ff,#bde4fd,#ffc8d9
#fed9c7,#fed8c6,#f4b6c1,#dfb6ff,#bce1ff,#ffc8dc
#fdd8c6,#ffd4c8,#f4b5bf,#e0b7ff,#bfe2fe,#ffc7db
#fed9c6,#fdd8c7,#f5bac4,#dfa7ff,#bce2fe,#ffc7dd
#fedbc7,#fed9ca,#f3b3be,#dfa9ff,#bce3fe,#ffc6da
#fcd8c5,#ffd8c7,#f3b6c0,#e0b0ff,#bbe1fe,#ffc6dd
#fedbc6,#fed6c6,#f5b8c3,#dfa6ff,#bde0fd,#ffc6d9
#fdd8c8,#fcd7c7,#f3b5c0,#e1a5ff,#bde2fd,#ffc6dc
#fcd7c7,#ffdbc8,#f2b2c1,#e2b3ff,#bce0fd,#ffc5db
#fedac5,#fdd9c9,#f2b0be,#e1b7ff,#bfe3fd,#ffc5de
#fdd9c5,#ffd9cc,#f4b4c1,#e0aaff,#bfe2fd,#ffc5d9
#fcd7c8,#ffd7c6,#f4b7c2,#e2b6ff,#bbe3fd,#ffc5dc
#fed9c5,#fed9c9,#f5bac3,#e1b2ff,#bbe1fd,#ffc4db
#fed8c7,#fcd5c6,#f2b1c0,#e0b5ff,#bce3fd,#ffc4de
#fdd7c7,#fdd6c9,#f4b8c3,#dfb5ff,#bce4fe,#ffc4da
#fed8c6,#ffd9c8,#f3b4c2,#dfaaff,#bce4fd,#ffc4dd
#fcd7c6,#ffdacc,#f5b9c1,#e1b0ff,#bfe0fd,#ffc3db
#fed8c8,#fed7c8,#f5b7c0,#dfaeff,#bde4ff,#ffc3de
#fdd7c8,#ffd4c7,#f3b6c3,#e2b5ff,#bde3fd,#ffc3d9
#fed9c8,#fdd7c8,#f4b8c2,#e1b8ff,#bfe1fd,#ffc3dc
#fcd7c5,#fcd9c9,#f5b7c3,#e2b0ff,#bfe4fe,#ffc2da
#fedac4,#ffd5c8,#f2b2be,#dfacff,#bde0fc,#ffc2dd
#fedbc8,#fed8ca,#f3b3c1,#dfafff,#bde2fc,#ffc2d9
#fddac4,#ffdacc,#f4b4c2,#dfb4ff,#bce1fc,#ffc2dc
#fcd6c7,#ffdbcb,#f5bac2,#e2a8ff,#bce0fc,#ffc1da
#fddbc5,#fed5c9,#f2b3c1,#dfa4ff,#bbe0fc,#ffc1dd
#fed9c4,#fcdac8,#f2b0bf,#e2b4ff,#bfe2fc,#ffc1d9
#fcd6c8,#fdd7c9,#f3b5c2,#dfa3ff,#bce2fc,#ffc1dc
#fdd9c4,#ffd5c9,#f5b9c0,#e2b2ff,#bde4fc,#ffc0da
#fed7c7,#fed6c7,#f2b0be,#dfa5ff,#bfe3fc,#ffc0dd
#f0ddcd,#FF9983,#AABBCD,#55AADE,#DDAA56,#78cc98
#f0decc,#FF9984,#AABBCE,#55AADF,#DDAA57,#76cc98
#f0ddcb,#FF9985,#AABBCF,#55AAE0,#DDAA58,#77cc9a
#efddcc,#FF9986,#AABBD0,#55AAE1,#DDAA59,#78cc97
#f1decc,#FF9987,#AABBD1,#55AAE2,#DDAA5A,#75cc98
#f0dccc,#FF9988,#AABBD2,#55AAE3,#DDAA5B,#79cc99
#efdccb,#FF9989,#AABBD3,#55AAE4,#DDAA5C,#77cc9b
#f0decd,#FF998A,#AABBD4,#55AAE5,#DDAA5D,#77cb99
#efdecc,#FF998B,#AABBD5,#55AAE6,#DDAA5E,#77cc97
#f1ddcc,#FF998C,#AABBD6,#55AAE7,#DDAA5F,#77cd99
#efddcb,#FF998D,#AABBD7,#55AAE8,#DDAA60,#76cc99
#f0decb,#FF998E,#AABBD8,#55AAE9,#DDAA61,#77cc9c
#f1ddcd,#FF998F,#AABBD9,#55AAEA,#DDAA62,#77cc96
#efddcd,#FF9990,#AABBDA,#55AAEB,#DDAA63,#77cb98
#f1decb,#FF9991,#AABBDB,#55AAEC,#DDAA64,#77cc9d
#efdecb,#FF9992,#AABBDC,#55AAED,#DDAA65,#77ca99
#f0ddce,#FF9993,#AABBDD,#55AAEE,#DDAA66,#77cc95
#f1decd,#FF9994,#AABBDE,#55AAEF,#DDAA67,#77cb97
#efdecd,#FF9995,#AABBDF,#55AAF0,#DDAA68,#77cc9e
#f0dfcc,#FF9996,#AABBE0,#55AAF1,#DDAA69,#77cc94
#efddce,#FF9997,#AABBE1,#55AAF2,#DDAA6A,#77cc9f
#f1dfcc,#FF9998,#AABBE2,#55AAF3,#DDAA6B,#77ca98
#efdece,#FF9999,#AABBE3,#55AAF4,#DDAA6C,#77cc93
#f0dfcd,#FF999A,#AABBE4,#55AAF5,#DDAA6D,#77cb96
#f1ddce,#FF999B,#AABBE5,#55AAF6,#DDAA6E,#77cc90
#efdfcc,#FF999C,#AABBE6,#55AAF7,#DDAA6F,#77cc92
#f0ddcf,#FF999D,#AABBE7,#55AAF8,#DDAA70,#77ca9a
#f1dfcd,#FF999E,#AABBE8,#55AAF9,#DDAA71,#77cb95
#f0ded0,#FF999F,#AABBE9,#55AAFA,#DDAA72,#77cc91
#efdfcd,#FF99A0,#AABBEA,#55AAFB,#DDAA73,#77ca97
#f0decf,#FF99A1,#AABBEB,#55AAFC,#DDAA74,#77cc89
#f1dfce,#FF99A2,#AABBEC,#55AAFD,#DDAA75,#77cb94
#efddcf,#FF99A3,#AABBED,#55AAFE,#DDAA76,#77cc88
#f1ded0,#FF99A4,#AABBEE,#55AAFF,#DDAA77,#77ca96
#efded0,#FF99A5,#AABBEF,#55AADD,#DDAA78,#77cc87
#f1ddcf,#FF99A6,#AABBF0,#55AADC,#DDAA79,#77ca95
#efdfce,#FF99A7,#AABBF1,#55AADB,#DDAA7A,#77cc86
#f0dcd0,#FF99A8,#AABBF2,#55AADA,#DDAA7B,#77cb93
#efded1,#FF99A9,#AABBF3,#55AAD0,#DDAA7C,#77cc85
#f1decf,#FF99AA,#AABBF4,#55AAD1,#DDAA7D,#77cc84
#efdfd0,#FF99AB,#AABBF5,#55AAD2,#DDAA7E,#77ca94
#f0ded1,#FF99AC,#AABBF6,#55AAD3,#DDAA7F,#77cb92
#efdfd1,#FF99AD,#AABBF7,#55AAD4,#DDAA80,#77cc83
#f0ded2,#FF99AE,#AABBF8,#55AAD5,#DDAA81,#77cc82
#f1ded1,#FF99AF,#AABBF9,#55AAD6,#DDAA82,#77ca93
#efded2,#FF99B0,#AABBFA,#55AAD7,#DDAA83,#77cb91
#f1dfd1,#FF99B1,#AABBFB,#55AAD8,#DDAA84,#77cc81
#f0dfd2,#FF99B2,#AABBFC,#55AAD9,#DDAA85,#77cc80
#f1dfd2,#FF99B3,#AABBFD,#55AAE5,#DDAA86,#77ca92
#f0dcd1,#FF99B4,#AABBFE,#55AAE1,#DDAA87,#77cb90
#edd9cd,#ADC6EE,#EFD2AE,#EEB3AD,#AEEEC5,#C6ADEE
#eddace,#AEC7EE,#EED3AE,#EFB4AE,#AFEECC,#C6AEEE
#edd9cf,#ADC7EE,#EFD3AF,#EEB5AF,#AEEEBD,#C6AFEE
#ecdace,#AEC6ED,#EED1AE,#EEB3AE,#B0EEC7,#C7AEEE
#eddad0,#AEC6EF,#EDD2AE,#EEB4AF,#ADDEC6,#C5AEEE
#edd9cc,#AEC5EE,#EED2AD,#EFB5AE,#AEECC7,#C7ADEE
#ecdbce,#ADC6EF,#EFD2AF,#EDB4AE,#AEEECB,#C5AFEE
#eddbce,#AFC6EE,#EED3AD,#EFB4AD,#AFEDC6,#C6AEED
#eddbcf,#AEC8EE,#EED0AE,#EFB3AE,#B0EFC5,#C6B0EE
#ecdbcf,#AFC7EE,#EED2AC,#EEB5AE,#AFEEC6,#C7AFEE
#ecdad0,#ABC6EE,#EFD1AE,#EEB4AD,#AEEFC7,#C5AEEE
#eddbcd,#ADC5EE,#EDD3AE,#EEB3AF,#AEEEBE,#C6ADFD
#ecdbd0,#AFC6ED,#EDD2AF,#EEB5B0,#AFEEC4,#C6AFFD
#eddad1,#AEC6EC,#EED3B0,#EFB3AF,#AEEEBF,#C7AFFD
#ecdad1,#AFC6EF,#EED1AF,#EDB5AE,#AFEECB,#C7AEDD
#eddbd1,#ADC6F0,#EED0AF,#EEB6AE,#B1EEC6,#C7AEED
#ecdbcf,#AFC6F0,#EDD1AE,#EFB5AF,#B0EEBE,#C5AEDD
#eddbd2,#AEC4EE,#EED4AE,#EEB4B0,#AFEEBE,#C6AFED
#ecdad2,#ADC4EE,#EFD2AD,#EFB6AE,#ADEED3,#C5AFED
#eddbce,#ADC7EF,#EFD1AF,#EDB3AE,#AFEDBD,#C7AFDE
#eddad2,#ADC8EE,#EED4AF,#EEB3AC,#B0EECB,#C7AEEF
#eddbd0,#ABC7EE,#EDD2AD,#EFB3AD,#AFEDBE,#C6AEEC
#ecdacd,#AFC5EE,#EED5AE,#EEB5B1,#AEECCA,#C5AEEC
#ecdbcd,#ADC7ED,#EDD0AE,#EEB6AF,#AFEDCB,#C7AFEC
#ecdbd3,#AFC6EC,#EED0AD,#EEB4AC,#AFDEBD,#C5AFEC
#eddad3,#AFC8EE,#EED5AF,#EDB5AF,#B0DEC6,#C6AFEC
#ecdbd1,#AEC7EF,#EFD3B0,#EFB4B0,#AEEFBF,#C7AFEE
#eddad4,#ADC8EF,#EFD4AE,#EFB5B0,#AFEFC5,#C5AEEE
#eddbd4,#AFC8EF,#EDD3AF,#EDB4AF,#ADEED0,#C7AFED
#ecdad4,#AEC7F0,#EED6AE,#EFB6AF,#B0EDC5,#C6AEDF
#eddbd5,#ADC9EE,#EFD0AF,#EDB4AD,#AEEFC6,#C7AEEB
#ecdad5,#AEC8EF,#EFD1B0,#EEB6B0,#AFEFD4,#C6AEFA
#eddad5,#AFC7ED,#EFD4AF,#EEB3B0,#AFDEC4,#C7AFDB
#eddbd3,#AFC7EC,#EDD1AF,#EDB5B0,#B0EED5,#C6AEDB
#eddad6,#ABC6EF,#EED1B0,#EDB6AE,#AFECC6,#C7AFCA
#ecdbd6,#ADC9EF,#EED6AF,#EEB4B1,#AFDECB,#C6AEDA
#eddbd7,#ABC5EE,#EFD0AE,#EFB6B0,#AEEECA,#C7AFEA
#ecdad7,#AEC5EF,#EDD4AE,#EDB3AF,#AFDEC7,#C6AFEA
#eddbd6,#AFC5EF,#EED5B0,#EEB5AC,#B0DED4,#C5AFDA
#eddad8,#AFC5ED,#EFD2B0,#EFB3B0,#B0EFC6,#C6AFBA
#eddbd8,#AEC4EF,#EDD5AE,#EEB3B1,#AEEFC9,#C5AEDA
#eddad9,#AEC4EE,#EFD5B0,#EFB5AC,#AFDECC,#C7AEEA
#ecdbd9,#ABC8EE,#EED4B0,#EEB6B1,#AEEED0,#C6AEBB
#ecdad9,#ADC4EF,#EED6B0,#EDB6AF,#AFEECD,#C7AEBB
#ecdbd7,#ABC7EF,#EDD6AE,#EFB4B1,#ADEEC9,#C6AEBB
#ecdad8,#ADC5EF,#EFD1B1,#EDB3AD,#AFEECA,#C5AEBB
#ecdbda,#AEC9EE,#EED7AE,#EDB4B0,#AEEED2,#C6AEC9
#eddad7,#AEC8ED,#EDD7AE,#EDB6B0,#B0EECB,#C7AEC9
#ecdbdb,#AFC8ED,#EED5AD,#EEB7AE,#ADEED4,#C6AED9
#ecdad6,#ADC8F0,#EFD6AE,#EDB6B1,#B1DEC6,#C5AEDA
#efd0b5,#ffdacb,#f2b2bf,#e1a6ff,#bbe2ff,#ffc7dc
#eed0b4,#fed3c4,#f4b6c0,#e0a9ff,#bde1fe,#ffc7de
#efd1b4,#ffd9c6,#f3b3bf,#dfadff,#bfe1fe,#ffcadb
#eed1b5,#fdd6c8,#f4b7c1,#dfb2ff,#bde0ff,#ffcadf
#efd0b6,#ffd7c9,#f2b3c0,#e1abff,#bde2ff,#ffc9db
#eed0b3,#fdd5c5,#f4b5c1,#e0b3ff,#bfe3fe,#ffc9de
#efd1b3,#fcd6c7,#f3b4c0,#e2b1ff,#bbe3fe,#ffc8dc
#eed1b6,#ffdbcc,#f5b7c2,#e2a7ff,#bde0fd,#ffc8de
#efd2b4,#ffd4c5,#f2b1be,#e1aaff,#bce1fe,#ffc6dc
#eed2b5,#ffdccb,#f5b8c2,#e0afff,#bde3fe,#ffc6df
#efd0b3,#ffd8c8,#f3b5c1,#e0acff,#bde1fd,#ffc8dd
#eed0b6,#fdd5c7,#f2b1bf,#dfb3ff,#bde2fe,#ffc9dd
#efd1b6,#ffdacc,#f3b6c1,#e1a8ff,#bde1ff,#ffcbdb
#eed1b3,#ffdccd,#f5b8c1,#e1b1ff,#bde3ff,#ffcbde
#efd2b3,#ffd5c4,#f4b7c0,#e2a9ff,#bce0ff,#ffcad9
#eed2b4,#fcd8c5,#f4b6c3,#dfa8ff,#bbe0fe,#ffcadc
#efd0b7,#fed8c9,#f2b2c0,#e2acff,#bde4fe,#ffc9da
#eed0b2,#ffd3c6,#f3b4bf,#dfabff,#bce2ff,#ffc9dd
#efd1b2,#fed4c5,#f5b9c3,#dfb0ff,#bfe0fe,#ffc8da
#eed1b7,#ffd8cb,#f4b5c2,#e2aeff,#bce0fe,#ffc8dd
#efd2b7,#ffdcc9,#f5b9c2,#e1b4ff,#bde4fd,#ffc8d9
#eed2b2,#fed8c6,#f4b6c1,#dfb6ff,#bce1ff,#ffc8dc
#efd1b7,#ffd4c8,#f4b5bf,#e0b7ff,#bfe2fe,#ffc7db
#eed1b2,#fdd8c7,#f5bac4,#dfa7ff,#bce2fe,#ffc7dd
#efd2b2,#fed9ca,#f3b3be,#dfa9ff,#bce3fe,#ffc6da
#eed2b7,#ffd8c7,#f3b6c0,#e0b0ff,#bbe1fe,#ffc6dd
#efd3b4,#fed6c6,#f5b8c3,#dfa6ff,#bde0fd,#ffc6d9
#eed3b5,#fcd7c7,#f3b5c0,#e1a5ff,#bde2fd,#ffc6dc
#efd3b5,#ffdbc8,#f2b2c1,#e2b3ff,#bce0fd,#ffc5db
#eed3b4,#fdd9c9,#f2b0be,#e1b7ff,#bfe3fd,#ffc5de
#efd3b6,#ffd9cc,#f4b4c1,#e0aaff,#bfe2fd,#ffc5d9
#eed3b6,#ffd7c6,#f4b7c2,#e2b6ff,#bbe3fd,#ffc5dc
#efd3b3,#fed9c9,#f5bac3,#e1b2ff,#bbe1fd,#ffc4db
#eed3b3,#fcd5c6,#f2b1c0,#e0b5ff,#bce3fd,#ffc4de
#efd3b7,#fdd6c9,#f4b8c3,#dfb5ff,#bce4fe,#ffc4da
#eed3b7,#ffd9c8,#f3b4c2,#dfaaff,#bce4fd,#ffc4dd
#efd4b4,#ffdacc,#f5b9c1,#e1b0ff,#bfe0fd,#ffc3db
#eed4b5,#fed7c8,#f5b7c0,#dfaeff,#bde4ff,#ffc3de
#efd4b5,#ffd4c7,#f3b6c3,#e2b5ff,#bde3fd,#ffc3d9
#eed4b4,#fdd7c8,#f4b8c2,#e1b8ff,#bfe1fd,#ffc3dc
#efd4b6,#fcd9c9,#f5b7c3,#e2b0ff,#bfe4fe,#ffc2da
#eed4b6,#ffd5c8,#f2b2be,#dfacff,#bde0fc,#ffc2dd
#efd4b3,#fed8ca,#f3b3c1,#dfafff,#bde2fc,#ffc2d9
#eed4b3,#ffdacc,#f4b4c2,#dfb4ff,#bce1fc,#ffc2dc
#efd4b7,#ffdbcb,#f5bac2,#e2a8ff,#bce0fc,#ffc1da
#eed4b7,#fed5c9,#f2b3c1,#dfa4ff,#bbe0fc,#ffc1dd
#efd5b4,#fcdac8,#f2b0bf,#e2b4ff,#bfe2fc,#ffc1d9
#eed5b4,#fdd7c9,#f3b5c2,#dfa3ff,#bce2fc,#ffc1dc
#efd5b5,#ffd5c9,#f5b9c0,#e2b2ff,#bde4fc,#ffc0da
#eed5b5,#fed6c7,#f2b0be,#dfa5ff,#bfe3fc,#ffc0dd
#ffc7b1,#FF9983,#AABBCD,#55AADE,#DDAA56,#78cc98
#ffc7af,#FF9984,#AABBCE,#55AADF,#DDAA57,#76cc98
#ffc8b0,#FF9985,#AABBCF,#55AAE0,#DDAA58,#77cc9a
#ffc6b0,#FF9986,#AABBD0,#55AAE1,#DDAA59,#78cc97
#ffc8af,#FF9987,#AABBD1,#55AAE2,#DDAA5A,#75cc98
#ffc6b1,#FF9988,#AABBD2,#55AAE3,#DDAA5B,#79cc99
#ffc9b0,#FF9989,#AABBD3,#55AAE4,#DDAA5C,#77cc9b
#ffc5b0,#FF998A,#AABBD4,#55AAE5,#DDAA5D,#77cb99
#ffc9af,#FF998B,#AABBD5,#55AAE6,#DDAA5E,#77cc97
#ffc5af,#FF998C,#AABBD6,#55AAE7,#DDAA5F,#77cd99
#ffc8b1,#FF998D,#AABBD7,#55AAE8,#DDAA60,#76cc99
#ffc4b0,#FF998E,#AABBD8,#55AAE9,#DDAA61,#77cc9c
#ffc9b1,#FF998F,#AABBD9,#55AAEA,#DDAA62,#77cc96
#ffc4af,#FF9990,#AABBDA,#55AAEB,#DDAA63,#77cb98
#ffc5b1,#FF9991,#AABBDB,#55AAEC,#DDAA64,#77cc9d
#ffc3b0,#FF9992,#AABBDC,#55AAED,#DDAA65,#77ca99
#ffc3af,#FF9993,#AABBDD,#55AAEE,#DDAA66,#77cc95
#ffc2b0,#FF9994,#AABBDE,#55AAEF,#DDAA67,#77cb97
#ffc2af,#FF9995,#AABBDF,#55AAF0,#DDAA68,#77cc9e
#ffc1b0,#FF9996,#AABBE0,#55AAF1,#DDAA69,#77cc94
#ffc1af,#FF9997,#AABBE1,#55AAF2,#DDAA6A,#77cc9f
#ffc0b0,#FF9998,#AABBE2,#55AAF3,#DDAA6B,#77ca98
#ffc0af,#FF9999,#AABBE3,#55AAF4,#DDAA6C,#77cc93
#ffbfaf,#FF999A,#AABBE4,#55AAF5,#DDAA6D,#77cb96
#ffcbb0,#FF999B,#AABBE5,#55AAF6,#DDAA6E,#77cc90
#ffcbb1,#FF999C,#AABBE6,#55AAF7,#DDAA6F,#77cc92
#ffcaaf,#FF999D,#AABBE7,#55AAF8,#DDAA70,#77ca9a
#ffcaaf,#FF999E,#AABBE8,#55AAF9,#DDAA71,#77cb95
#ffcaaf,#FF999F,#AABBE9,#55AAFA,#DDAA72,#77cc91
#ffc9af,#FF99A0,#AABBEA,#55AAFB,#DDAA73,#77ca97
#ffc9b0,#FF99A1,#AABBEB,#55AAFC,#DDAA74,#77cc89
#ffc9b1,#FF99A2,#AABBEC,#55AAFD,#DDAA75,#77cb94
#ffc8af,#FF99A3,#AABBED,#55AAFE,#DDAA76,#77cc88
#ffc8b0,#FF99A4,#AABBEE,#55AAFF,#DDAA77,#77ca96
#ffc8b1,#FF99A5,#AABBEF,#55AADD,#DDAA78,#77cc87
#ffc7af,#FF99A6,#AABBF0,#55AADC,#DDAA79,#77ca95
#ffc7b1,#FF99A7,#AABBF1,#55AADB,#DDAA7A,#77cc86
#ffc7b1,#FF99A8,#AABBF2,#55AADA,#DDAA7B,#77cb93
#ffc6b0,#FF99A9,#AABBF3,#55AAD0,#DDAA7C,#77cc85
#ffc6b1,#FF99AA,#AABBF4,#55AAD1,#DDAA7D,#77cc84
#ffc6b1,#FF99AB,#AABBF5,#55AAD2,#DDAA7E,#77ca94
#ffc5b0,#FF99AC,#AABBF6,#55AAD3,#DDAA7F,#77cb92
#ffc5b1,#FF99AD,#AABBF7,#55AAD4,#DDAA80,#77cc83
#ffc5b1,#FF99AE,#AABBF8,#55AAD5,#DDAA81,#77cc82
#ffc4b0,#FF99AF,#AABBF9,#55AAD6,#DDAA82,#77ca93
#ffc4b1,#FF99B0,#AABBFA,#55AAD7,#DDAA83,#77cb91
#ffc4b1,#FF99B1,#AABBFB,#55AAD8,#DDAA84,#77cc81
#ffc3b0,#FF99B2,#AABBFC,#55AAD9,#DDAA85,#77cc80
#ffc3b1,#FF99B3,#AABBFD,#55AAE5,#DDAA86,#77ca92
#ffc3b1,#FF99B4,#AABBFE,#55AAE1,#DDAA87,#77cb90
#eec19c,#4b83e1,#4de39d,#e34db7,#b74de3,#85e34d
#efc39e,#4d85e3,#4be19b,#e24db5,#b54be1,#83e14b
#eebf9c,#4c83e3,#4ce49d,#e34cb5,#b64de1,#84e34d
#efc49f,#4e86e4,#4ce19b,#e24bb6,#b64be3,#84e14b
#eec49d,#4a82e0,#4ce39d,#e24cb7,#b74be2,#84e34c
#efc29c,#4d84e2,#4de29c,#e24db6,#b64ce3,#84e14d
#eec09b,#4b85e4,#4be39d,#e34cb6,#b54ce1,#83e24d
#efc09e,#4e83e1,#4de19a,#e34db6,#b74de2,#85e24b
#eebf9b,#4c86e2,#4ce29e,#e34bb6,#b64be1,#83e24c
#eec09e,#4d82e3,#4ce19d,#e24bb5,#b74ce2,#85e34c
#efc29f,#4c85e1,#4ce39c,#e34bb5,#b54ce3,#84e34b
#eec29e,#4e82e2,#4be29d,#e24cb5,#b64de2,#83e34d
#efc19d,#4a83e2,#4de29a,#e24db7,#b74be3,#84e24b
#eec39e,#4d86e3,#4ce49b,#e34db5,#b54de2,#85e24c
#efc39d,#4b84e1,#4be19d,#e34cb7,#b64de3,#84e24d
#eec29b,#4e85e0,#4de49c,#e34cb4,#b74ce3,#83e24b
#efc49e,#4c82e4,#4ce29b,#e24cb4,#b54de1,#85e14d
#eebf9e,#4a84e3,#4ce19e,#e24bb7,#b64be2,#83e34b
#efc19e,#4d83e0,#4ce39a,#e24db4,#b74de1,#84e24e
#eec39d,#4b86e2,#4de19d,#e34bb7,#b54be2,#85e24e
#efc09d,#4c83e4,#4be39c,#e34db4,#b64ce1,#84e14c
#eec49c,#4e84e1,#4ce29a,#e24bb4,#b74de4,#85e34e
#efc39c,#4a85e2,#4de49b,#e34cb8,#b64de4,#83e14c
#eec29f,#4d82e4,#4be19a,#e24db8,#b54de3,#84e34e
#efc29d,#4c86e1,#4ce49c,#e24cb8,#b74be1,#85e14b
#eec09c,#4b82e3,#4be29a,#e34bb8,#b64be4,#83e34c
#efc19f,#4e83e4,#4de19b,#e24bb9,#b54be3,#84e14e
#eebf9f,#4a86e0,#4ce39e,#e34bb9,#b74ce1,#85e24d
#eec19e,#4d84e0,#4be49c,#e34db8,#b64ce4,#83e14d
#efc49d,#4b83e4,#4de39b,#e24db9,#b54ce2,#84e24f
#eec39f,#4e86e1,#4be19e,#e34cb9,#b74be4,#85e34f
#efc09c,#4c85e4,#4ce29d,#e24cb9,#b64ce0,#83e24e
#eebf9d,#4a82e1,#4de19c,#e34db9,#b54de4,#85e14c
#efc29e,#4d85e1,#4ce49e,#e24db0,#b74de0,#84e34f
#eec19d,#4b84e3,#4be29c,#e24cb0,#b64be0,#83e24f
#efc39f,#4e82e0,#4de39a,#e34cb0,#b54ce0,#84e14f
#eebf9c,#4c86e3,#4ce19a,#e24bb0,#b74be0,#85e24f
#eec09d,#4a83e1,#4de29d,#e34bb0,#b54be0,#84e24a
#efc19c,#4d83e4,#4ce49a,#e34db0,#b74de5,#85e34a
#eec49e,#4b85e0,#4be49a,#e24db1,#b64de0,#83e14e
#efc09e,#4e84e2,#4be39e,#e34cb1,#b54de0,#85e14f
#eec29e,#4a84e0,#4de29b,#e24bb1,#b74ce0,#84e34a
#efc39e,#4d86e2,#4be19c,#e34db1,#b64ce5,#83e24a
#eebf9e,#4c82e0,#4ce39b,#e34cb2,#b54be4,#84e14a
#eec09f,#4b86e1,#4de49d,#e24cb2,#b74be5,#85e24a
#efc19e,#4e85e3,#4be29e,#e34bb2,#b64be5,#84e24b
#eec39d,#4a85e1,#4de49e,#e24db2,#b54de5,#85e34b
#efc29d,#4d82e1,#4ce19c,#e24bb3,#b74ce4,#83e24d
#eec09d,#4c84e0,#4be49d,#e34db3,#b64de5,#84e34d
#efc49e,#4b82e0,#4de39e,#e34cb3,#b54ce5,#83e14b
#f5b491,#FFE775,#9b5def,#5e9bef,#f05e9b,#9bef5e
#f3b391,#FFE573,#9a5cef,#5c99ee,#ee5c99,#99ee5c
#f4b592,#FFE874,#995cef,#5d9bee,#ef5e99,#9cef5d
#f4b390,#FFE774,#9a5eef,#5d99ee,#ef5c9b,#9aee5c
#f5b591,#FFE673,#9a5def,#5e99ef,#f05d99,#9bef5c
#f3b491,#FFE775,#9a5cef,#5d9aee,#ee5d9b,#9aef5e
#f4b492,#FFE773,#9a5def,#5d9cef,#ef5d99,#9bef5d
#f5b391,#FFE874,#9a5eef,#5e9aee,#f05e9a,#9cee5d
#f3b592,#FFE573,#9b5eef,#5c9aef,#ee5d9a,#99ef5d
#f4b291,#FFE673,#995def,#5d9bef,#ef5c98,#9aee5e
#f5b492,#FFE574,#9a5def,#5d9aef,#f05d9c,#9cef5c
#f3b490,#FFE874,#9a5eef,#5d99ef,#ee5e9a,#9aef5b
#f4b493,#FFE775,#995cef,#5e9cef,#ef5d9b,#9aef5e
#f4b391,#FFE674,#9b5def,#5c99ef,#f05c99,#99ee5d
#f3b492,#FFE773,#9a5def,#5e9aef,#ee5d98,#9cef5e
#f5b490,#FFE674,#9a5eef,#5d99ee,#ef5e98,#9eef5d
#f4b492,#FFE573,#995cef,#5d9def,#f05d98,#9aee5d
#f5b392,#FFE774,#9a5def,#5e9bee,#ee5d9c,#99ef5e
#f3b491,#FFE675,#995def,#5c9bef,#ef5e9b,#9aef5c
#f4b293,#FFE673,#9b5cef,#5d9def,#f05c9a,#9bef5b
#f5b293,#FFE574,#9a5def,#5d99ef,#ee5e99,#9aee5b
#f3b391,#FFE873,#9a5cef,#5c9bee,#ef5d9c,#9def5d
#f4b490,#FFE775,#995eef,#5e9aee,#f05d9b,#99ee5e
#f5b492,#FFE574,#9a5def,#5d9bef,#ee5c9b,#9cef5b
#f3b491,#FFE874,#995cef,#5e99ee,#ef5c99,#9eef5c
#f4b591,#FFE774,#9b5eef,#5d9eef,#f05d98,#9aee5f
#f5b392,#FFE675,#9a5eef,#5c99ee,#ee5e9b,#9bef5f
#f3b390,#FFE573,#995def,#5e9def,#ef5d98,#9def5e
#f4b293,#FFE874,#9a5def,#5d9bee,#f05e9c,#99ef5c
#f5b493,#FFE573,#995eef,#5d9aef,#ee5d99,#9eef5b
#f3b591,#FFE674,#9a5def,#5d9bef,#ef5d9a,#9cef5f
#f4b393,#FFE775,#9a5eef,#5c99ef,#f05c9b,#9aef5d
#f5b492,#FFE773,#995cef,#5e9bef,#ee5e9c,#99ee5b
#f3b490,#FFE674,#9b5def,#5d99ee,#ef5e99,#9eef5e
#f4b493,#FFE774,#9a5cef,#5e99ef,#f05d9a,#9aee5e
#f5b392,#FFE574,#9a5def,#5d9cef,#ee5d9b,#9bef5e
#f3b591,#FFE873,#995def,#5c9aef,#ef5d99,#99ef5f
#f4b491,#FFE675,#9a5eef,#5d9eef,#f05e9b,#9def5c
#f5b392,#FFE573,#995cef,#5e9bee,#ee5c98,#9eef5d
#f3b490,#FFE774,#9a5def,#5d9def,#ef5e9a,#9aee5c
#f4b592,#FFE875,#9a5cef,#5e9aef,#f05d9c,#9bef5c
#f5b391,#FFE675,#995def,#5c9bef,#ee5e98,#99ee5e
#f3b393,#FFE673,#9a5eef,#5d9eef,#ef5c9a,#9eef5f
#f4b291,#FFE873,#9b5def,#5d99ee,#f05d9b,#9aef5f
#f5b493,#FFE774,#9a5def,#5e9cef,#ee5c99,#9cef5d
#f3b492,#FFE875,#9a5cef,#5c99ee,#ef5e9c,#9aee5d
#f4b393,#FFE573,#995def,#5e99ef,#f05d99,#99ef5b
#f5b490,#FFE774,#9a5eef,#5d9cef,#ee5e9a,#9eef5e
#f3b493,#FFE674,#9b5def,#5c9aef,#ef5d9b,#9def5b
#f4b392,#FFE775,#9a5def,#5e9bef,#f05c98,#9aef5c
#f7b483,#b290f4,#f291b4,#b4f291,#91b4f4,#F7A661
#f9b583,#b491f3,#f38fb2,#b2f38f,#8fb2f2,#F7A65F
#f8b382,#b290f3,#f290b2,#b3f290,#90b3f2,#F7A662
#f7b382,#b390f4,#f38fb4,#b3f38f,#90b4f3,#F7A65E
#f9b484,#b391f2,#f390b2,#b3f290,#91b3f2,#F7A65F
#f8b584,#b290f2,#f291b3,#b4f390,#8fb3f3,#F7A663
#f7b484,#b491f2,#f38fb3,#b2f38e,#91b2f3,#F7A65D
#f9b382,#b391f3,#f390b4,#b3f38e,#8fb4f2,#F7A660
#f8b382,#b290f2,#f291b2,#b3f291,#91b3f4,#F7A65C
#f7b582,#b391f4,#f38eb3,#b4f391,#90b2f2,#F7A661
#f9b483,#b491f4,#f390b3,#b2f38f,#8fb4f3,#F7A65B
#f8b584,#b391f3,#f391b2,#b3f391,#91b4f3,#F7A662
#f7b583,#b390f2,#f38fb3,#b3f38f,#8fb3f4,#F7A65A
#f9b384,#b290f2,#f391b3,#b3f38f,#91b2f2,#F7A663
#f8b485,#b491f3,#f38fb2,#b2f390,#8fb2f3,#F7A659
#f7b385,#b391f2,#f390b2,#b4f290,#91b4f2,#F7A660
#f9b585,#b290f4,#f291b4,#b3f290,#90b4f2,#F7A658
#f8b383,#b491f4,#f390b4,#b3f390,#91b2f4,#F7A661
#f7b584,#b391f2,#f391b4,#b4f390,#8fb3f2,#F7A657
#f9b385,#b290f3,#f390b3,#b3f390,#91b3f3,#F7A662
#f8b484,#b290f4,#f391b2,#b4f291,#90b2f4,#F7A656
#f7b482,#b391f4,#f290b3,#b3f38f,#91b4f1,#F7A663
#f9b384,#b290f4,#f38eb2,#b2f38f,#8fb4f4,#F7A655
#f8b583,#b391f3,#f291b2,#b4f291,#90b3f1,#F7A660
#f7b385,#b391f4,#f38eb4,#b2f391,#91b2f1,#F7A654
#f9b485,#b491f4,#f38eb3,#b2f390,#8fb2f1,#F7A661
#f8b382,#b290f3,#f391b3,#b3f390,#90b4f1,#F7A653
#f7b483,#b391f3,#f38eb2,#b2f38f,#91b3f1,#F7A662
#f9b384,#b290f2,#f290b3,#b2f38e,#8fb3f1,#F7A652
#f8b586,#b491f2,#f391b4,#b3f291,#91b4f5,#F7A663
#f7b486,#b391f2,#f290b4,#b2f38e,#8fb2f5,#F7A651
#f9b386,#b490f3,#f391b3,#b4f291,#90b3f5,#F7A660
#f8b383,#b290f4,#f291b4,#b3f291,#91b2f5,#F7A650
#f7b586,#b390f4,#f390b4,#b4f290,#8fb4f5,#F7A661
#f9b485,#b490f4,#f38fb4,#b3f390,#90b4f5,#F7A64F
#f8b487,#b390f2,#f391b4,#b2f38f,#91b3f5,#F7A662
#f7b487,#b491f2,#f291b3,#b4f390,#8fb3f5,#F7A64E
#f9b487,#b390f2,#f38eb3,#b3f38e,#91b2f6,#F7A663
#f8b382,#b490f3,#f38eb4,#b2f38f,#90b3f6,#F7A64D
#f7b486,#b491f2,#f390b3,#b4f291,#91b4f6,#F7A660
#f9b386,#b490f4,#f291b3,#b3f38e,#8fb2f6,#F7A64C
#f8b483,#b390f3,#f391b2,#b3f391,#90b4f6,#F7A661
#f7b488,#b391f4,#f38eb3,#b2f391,#91b3f6,#F7A64B
#f9b488,#b490f3,#f38eb4,#b4f390,#8fb3f6,#F7A662
#f8b584,#b491f3,#f390b2,#b3f291,#91b2f7,#F7A64A
#f7b489,#b290f3,#f391b4,#b3f390,#90b3f7,#F7A663
#f9b389,#b390f4,#f38fb4,#b2f391,#91b4f7,#F7A649
#f8b485,#b491f4,#f290b2,#b4f291,#8fb2f7,#F7A660
#f7b487,#b291f3,#f38fb2,#b2f391,#90b4f7,#F7A648
#f9b486,#b391f3,#f291b2,#b4f38f,#91b3f7,#F7A661
#eea86a,#4b83e1,#4de39d,#e34db7,#b74de3,#85e34d
#f0aa6c,#4d85e3,#4be19b,#e24db5,#b54be1,#83e14b
#efa86c,#4c83e3,#4ce49d,#e34cb5,#b64de1,#84e34d
#eeb96b,#4e86e4,#4ce19b,#e24bb6,#b64be3,#84e14b
#efaa6a,#4a82e0,#4ce39d,#e24cb7,#b74be2,#84e34c
#efab6d,#4d84e2,#4de29c,#e24db6,#b64ce3,#84e14d
#eeaa69,#4b85e4,#4be39d,#e34cb6,#b54ce1,#83e24d
#f1ab6b,#4e83e1,#4de19a,#e34db6,#b74de2,#85e24b
#eea96c,#4c86e2,#4ce29e,#e34bb6,#b64be1,#83e24c
#efa96a,#4d82e3,#4ce19d,#e24bb5,#b74ce2,#85e34c
#f0ab6d,#4c85e1,#4ce39c,#e34bb5,#b54ce3,#84e34b
#efab6c,#4e82e2,#4be29d,#e24cb5,#b64de2,#83e34d
#efaa6b,#4a83e2,#4de29a,#e24db7,#b74be3,#84e24b
#eea96b,#4d86e3,#4ce49b,#e34db5,#b54de2,#85e24c
#f0a96a,#4b84e1,#4be19d,#e34cb7,#b64de3,#84e24d
#eeab6a,#4e85e0,#4de49c,#e34cb4,#b74ce3,#83e24b
#f1ab6c,#4c82e4,#4ce29b,#e24cb4,#b54de1,#85e14d
#eeaa6c,#4a84e3,#4ce19e,#e24bb7,#b64be2,#83e34b
#efaa69,#4d83e0,#4ce39a,#e24db4,#b74de1,#84e24e
#efa86b,#4b86e2,#4de19d,#e34bb7,#b54be2,#85e24e
#f0ab6a,#4c83e4,#4be39c,#e34db4,#b64ce1,#84e14c
#efab6b,#4e84e1,#4ce29a,#e24bb4,#b74de4,#85e34e
#eea96a,#4a85e2,#4de49b,#e34cb8,#b64de4,#83e14c
#f1aa6d,#4d82e4,#4be19a,#e24db8,#b54de3,#84e34e
#efa96c,#4c86e1,#4ce49c,#e24cb8,#b74be1,#85e14b
#eea86b,#4b82e3,#4be29a,#e34bb8,#b64be4,#83e34c
#f0aa6b,#4e83e4,#4de19b,#e24bb9,#b54be3,#84e14e
#eeab69,#4a86e0,#4ce39e,#e34bb9,#b74ce1,#85e24d
#efab6d,#4d84e0,#4be49c,#e34db8,#b64ce4,#83e14d
#eeaa6b,#4b83e4,#4de39b,#e24db9,#b54ce2,#84e24f
#efa96d,#4e86e1,#4be19e,#e34cb9,#b74be4,#85e34f
#f0ab6c,#4c85e4,#4ce29d,#e24cb9,#b64ce0,#83e24e
#eeaa6a,#4a82e1,#4de19c,#e34db9,#b54de4,#85e14c
#f1ab6a,#4d85e1,#4ce49e,#e24db0,#b74de0,#84e34f
#efa96b,#4b84e3,#4be29c,#e24cb0,#b64be0,#83e24f
#eea86c,#4e82e0,#4de39a,#e34cb0,#b54ce0,#84e14f
#f0aa69,#4c86e3,#4ce19a,#e24bb0,#b74be0,#85e24f
#eea96d,#4a83e1,#4de29d,#e34bb0,#b54be0,#84e24a
#efa86a,#4d83e4,#4ce49a,#e34db0,#b74de5,#85e34a
#f1aa6c,#4b85e0,#4be49a,#e24db1,#b64de0,#83e14e
#eeab6b,#4e84e2,#4be39e,#e34cb1,#b54de0,#85e14f
#efa96a,#4a84e0,#4de29b,#e24bb1,#b74ce0,#84e34a
#f0ab69,#4d86e2,#4be19c,#e34db1,#b64ce5,#83e24a
#eeab6c,#4c82e0,#4ce39b,#e34cb2,#b54be4,#84e14a
#efaa6c,#4b86e1,#4de49d,#e24cb2,#b74be5,#85e24a
#eeaa6d,#4e85e3,#4be29e,#e34bb2,#b64be5,#84e24b
#f0a96d,#4a85e1,#4de49e,#e24db2,#b54de5,#85e34b
#eeab6d,#4d82e1,#4ce19c,#e24bb3,#b74ce4,#83e24d
#efa96b,#4c84e0,#4be49d,#e34db3,#b64de5,#84e34d
#f0aa6d,#4b82e0,#4de39e,#e34cb3,#b54ce5,#83e14b
#ed995d,#FFE775,#9b5def,#5e9bef,#f05e9b,#9bef5e
#ef9b5f,#FFE573,#9a5cef,#5c99ee,#ee5c99,#99ee5c
#ee9b5d,#FFE874,#995cef,#5d9bee,#ef5e99,#9cef5d
#ed9a5c,#FFE774,#9a5eef,#5d99ee,#ef5c9b,#9aee5c
#ef9a5f,#FFE673,#9a5def,#5e99ef,#f05d99,#9bef5c
#ee995e,#FFE775,#9a5cef,#5d9aee,#ee5d9b,#9aef5e
#ed9b5e,#FFE773,#9a5def,#5d9cef,#ef5d99,#9bef5d
#ef995d,#FFE874,#9a5eef,#5e9aee,#f05e9a,#9cee5d
#ee9b5f,#FFE573,#9b5eef,#5c9aef,#ee5d9a,#99ef5d
#ed995e,#FFE673,#995def,#5d9bef,#ef5c98,#9aee5e
#ef9a5e,#FFE574,#9a5def,#5d9aef,#f05d9c,#9cef5c
#ee9a5d,#FFE874,#9a5eef,#5d99ef,#ee5e9a,#9aef5b
#ed9b5d,#FFE775,#995cef,#5e9cef,#ef5d9b,#9aef5e
#ef9b5e,#FFE674,#9b5def,#5c99ef,#f05c99,#99ee5d
#ee995f,#FFE773,#9a5def,#5e9aef,#ee5d98,#9cef5e
#ed995c,#FFE674,#9a5eef,#5d99ee,#ef5e98,#9eef5d
#ef9a5d,#FFE573,#995cef,#5d9def,#f05d98,#9aee5d
#ee9a5f,#FFE774,#9a5def,#5e9bee,#ee5d9c,#99ef5e
#ed9a5e,#FFE675,#995def,#5c9bef,#ef5e9b,#9aef5c
#ef995e,#FFE673,#9b5cef,#5d9def,#f05c9a,#9bef5b
#ee9b5c,#FFE574,#9a5def,#5d99ef,#ee5e99,#9aee5b
#ed995f,#FFE873,#9a5cef,#5c9bee,#ef5d9c,#9def5d
#ef9b5d,#FFE775,#995eef,#5e9aee,#f05d9b,#99ee5e
#ee995d,#FFE574,#9a5def,#5d9bef,#ee5c9b,#9cef5b
#ed9a5d,#FFE874,#995cef,#5e99ee,#ef5c99,#9eef5c
#ef9a5c,#FFE774,#9b5eef,#5d9eef,#f05d98,#9aee5f
#ee995e,#FFE675,#9a5eef,#5c99ee,#ee5e9b,#9bef5f
#ed9b5f,#FFE573,#995def,#5e9def,#ef5d98,#9def5e
#ef995c,#FFE874,#9a5def,#5d9bee,#f05e9c,#99ef5c
#ee9a5e,#FFE573,#995eef,#5d9aef,#ee5d99,#9eef5b
#ed9a5f,#FFE674,#9a5def,#5d9bef,#ef5d9a,#9cef5f
#ef9b5c,#FFE775,#9a5eef,#5c99ef,#f05c9b,#9aef5d
#ee995d,#FFE773,#995cef,#5e9bef,#ee5e9c,#99ee5b
#ed9b5e,#FFE674,#9b5def,#5d99ee,#ef5e99,#9eef5e
#ef9a5e,#FFE774,#9a5cef,#5e99ef,#f05d9a,#9aee5e
#ee9a5d,#FFE574,#9a5def,#5d9cef,#ee5d9b,#9bef5e
#ed995e,#FFE873,#995def,#5c9aef,#ef5d99,#99ef5f
#ef995f,#FFE675,#9a5eef,#5d9eef,#f05e9b,#9def5c
#ee9b5d,#FFE573,#995cef,#5e9bee,#ee5c98,#9eef5d
#ed9a5c,#FFE774,#9a5def,#5d9def,#ef5e9a,#9aee5c
#ef9a5f,#FFE875,#9a5cef,#5e9aef,#f05d9c,#9bef5c
#ee995e,#FFE675,#995def,#5c9bef,#ee5e98,#99ee5e
#ed9b5d,#FFE673,#9a5eef,#5d9eef,#ef5c9a,#9eef5f
#ef9b5e,#FFE873,#9b5def,#5d99ee,#f05d9b,#9aef5f
#ee9a5f,#FFE774,#9a5def,#5e9cef,#ee5c99,#9cef5d
#ed995d,#FFE875,#9a5cef,#5c99ee,#ef5e9c,#9aee5d
#ef9a5e,#FFE573,#995def,#5e99ef,#f05d99,#99ef5b
#ee9b5c,#FFE774,#9a5eef,#5d9cef,#ee5e9a,#9eef5e
#ed995e,#FFE674,#9b5def,#5c9aef,#ef5d9b,#9def5b
#ef995d,#FFE775,#9a5def,#5e9bef,#f05c98,#9aef5c
#e18b4b,#b290f4,#f291b4,#b4f291,#91b4f4,#F7A661
#e28d4d,#b491f3,#f38fb2,#b2f38f,#8fb2f2,#F7A65F
#e08b4b,#b290f3,#f290b2,#b3f290,#90b3f2,#F7A662
#e28c4d,#b390f4,#f38fb4,#b3f38f,#90b4f3,#F7A65E
#e18d4d,#b391f2,#f390b2,#b3f290,#91b3f2,#F7A65F
#e08c4b,#b290f2,#f291b3,#b4f390,#8fb3f3,#F7A663
#e28b4c,#b491f2,#f38fb3,#b2f38e,#91b2f3,#F7A65D
#e18d4b,#b391f3,#f390b4,#b3f38e,#8fb4f2,#F7A660
#e08b4c,#b290f2,#f291b2,#b3f291,#91b3f4,#F7A65C
#e28d4b,#b391f4,#f38eb3,#b4f391,#90b2f2,#F7A661
#e18c4e,#b491f4,#f390b3,#b2f38f,#8fb4f3,#F7A65B
#e08d4c,#b391f3,#f391b2,#b3f391,#91b4f3,#F7A662
#e28c4e,#b390f2,#f38fb3,#b3f38f,#8fb3f4,#F7A65A
#e18b4d,#b290f2,#f391b3,#b3f38f,#91b2f2,#F7A663
#e08d4b,#b491f3,#f38fb2,#b2f390,#8fb2f3,#F7A659
#e28b4e,#b391f2,#f390b2,#b4f290,#91b4f2,#F7A660
#e18d4c,#b290f4,#f291b4,#b3f290,#90b4f2,#F7A658
#e08c4d,#b491f4,#f390b4,#b3f390,#91b2f4,#F7A661
#e28d4c,#b391f2,#f391b4,#b4f390,#8fb3f2,#F7A657
#e18c4b,#b290f3,#f390b3,#b3f390,#91b3f3,#F7A662
#e08b4d,#b290f4,#f391b2,#b4f291,#90b2f4,#F7A656
#e28c4c,#b391f4,#f290b3,#b3f38f,#91b4f1,#F7A663
#e18b4c,#b290f4,#f38eb2,#b2f38f,#8fb4f4,#F7A655
#e08d4e,#b391f3,#f291b2,#b4f291,#90b3f1,#F7A660
#e28b4d,#b391f4,#f38eb4,#b2f391,#91b2f1,#F7A654
#e18d4e,#b491f4,#f38eb3,#b2f390,#8fb2f1,#F7A661
#e08c4e,#b290f3,#f391b3,#b3f390,#90b4f1,#F7A653
#e28d4d,#b391f3,#f38eb2,#b2f38f,#91b3f1,#F7A662
#e18c4c,#b290f2,#f290b3,#b2f38e,#8fb3f1,#F7A652
#e08b4e,#b491f2,#f391b4,#b3f291,#91b4f5,#F7A663
#e28c4b,#b391f2,#f290b4,#b2f38e,#8fb2f5,#F7A651
#e18d4d,#b490f3,#f391b3,#b4f291,#90b3f5,#F7A660
#e08d4c,#b290f4,#f291b4,#b3f291,#91b2f5,#F7A650
#e28b4b,#b390f4,#f390b4,#b4f290,#8fb4f5,#F7A661
#e18b4e,#b490f4,#f38fb4,#b3f390,#90b4f5,#F7A64F
#e08c4c,#b390f2,#f391b4,#b2f38f,#91b3f5,#F7A662
#e28c4d,#b491f2,#f291b3,#b4f390,#8fb3f5,#F7A64E
#e18d4b,#b390f2,#f38eb3,#b3f38e,#91b2f6,#F7A663
#e08b4c,#b490f3,#f38eb4,#b2f38f,#90b3f6,#F7A64D
#e28d4e,#b491f2,#f390b3,#b4f291,#91b4f6,#F7A660
#e18c4d,#b490f4,#f291b3,#b3f38e,#8fb2f6,#F7A64C
#e08d4d,#b390f3,#f391b2,#b3f391,#90b4f6,#F7A661
#e28b4c,#b391f4,#f38eb3,#b2f391,#91b3f6,#F7A64B
#e18b4d,#b490f3,#f38eb4,#b4f390,#8fb3f6,#F7A662
#e08c4b,#b491f3,#f390b2,#b3f291,#91b2f7,#F7A64A
#e28d4c,#b290f3,#f391b4,#b3f390,#90b3f7,#F7A663
#e18d4c,#b390f4,#f38fb4,#b2f391,#91b4f7,#F7A649
#e08b4b,#b491f4,#f290b2,#b4f291,#8fb2f7,#F7A660
#e28c4e,#b291f3,#f38fb2,#b2f391,#90b4f7,#F7A648
#e18b4c,#b391f3,#f291b2,#b4f38f,#91b3f7,#F7A661
#9e7861,#B85C37,#FFD701,#8B4514,#3B3B6E,#D4A018
#9e7762,#B85C36,#FFD702,#8B4515,#3B3B6F,#D4A019
#9e7663,#B85C35,#FFD703,#8B4516,#3B3B70,#D4A01A
#9d7861,#B85C34,#FFD704,#8B4517,#3B3B71,#D4A01B
#9d7762,#B85C33,#FFD705,#8B4518,#3B3B72,#D4A01C
#9d7663,#B85C32,#FFD706,#8B4519,#3B3B73,#D4A01D
#9f7861,#B85C31,#FFD707,#8B451A,#3B3B74,#D4A01E
#9f7762,#B85C30,#FFD708,#8B451B,#3B3B75,#D4A01F
#9f7663,#B85C39,#FFD709,#8B451C,#3B3B76,#D4A020
#9c7861,#B85C3A,#FFD70A,#8B451D,#3B3B77,#D4A021
#9c7762,#B85C3B,#FFD70B,#8B451E,#3B3B78,#D4A022
#9c7663,#B85C3C,#FFD70C,#8B451F,#3B3B79,#D4A023
#9e7860,#B85C3D,#FFD70D,#8B4520,#3B3B7A,#D4A024
#9e7761,#B85C3E,#FFD70E,#8B4521,#3B3B7B,#D4A025
#9e7662,#B85C3F,#FFD70F,#8B4522,#3B3B7C,#D4A026
#9d7860,#B85C40,#FFD710,#8B4523,#3B3B7D,#D4A027
#9d7761,#B85C29,#FFD711,#8B4524,#3B3B7E,#D4A028
#9d7662,#B85C28,#FFD712,#8B4525,#3B3B7F,#D4A029
#9f7860,#B85C27,#FFD713,#8B4526,#3B3B80,#D4A02A
#9f7761,#B85C26,#FFD714,#8B4527,#3B3B81,#D4A02B
#9f7662,#B85C25,#FFD715,#8B4528,#3B3B82,#D4A02C
#9c7860,#B85C24,#FFD716,#8B4529,#3B3B83,#D4A02D
#9c7761,#B85C23,#FFD717,#8B452A,#3B3B84,#D4A02E
#9c7662,#B85C22,#FFD718,#8B452B,#3B3B85,#D4A02F
#9e7862,#B85C21,#FFD719,#8B452C,#3B3B86,#D4A030
#9e7763,#B85C20,#FFD71A,#8B452D,#3B3B87,#D4A031
#9e7664,#B85C3E,#FFD71B,#8B452E,#3B3B88,#D4A032
#9d7862,#B85C3D,#FFD71C,#8B452F,#3B3B89,#D4A033
#9d7763,#B85C3C,#FFD71D,#8B4530,#3B3B8A,#D4A034
#9d7664,#B85C3B,#FFD71E,#8B4531,#3B3B8B,#D4A035
#9f7862,#B85C3A,#FFD71F,#8B4532,#3B3B8C,#D4A036
#9f7763,#B85C39,#FFD720,#8B4533,#3B3B8D,#D4A037
#9f7664,#B85C40,#FFD721,#8B4534,#3B3B8E,#D4A038
#9c7862,#B85C41,#FFD722,#8B4535,#3B3B8F,#D4A039
#9c7763,#B85C42,#FFD723,#8B4536,#3B3B90,#D4A03A
#9c7664,#B85C43,#FFD724,#8B4537,#3B3B91,#D4A03B
#9e785f,#B85C44,#FFD725,#8B4538,#3B3B92,#D4A03C
#9e775f,#B85C45,#FFD726,#8B4539,#3B3B93,#D4A03D
#9e765f,#B85C46,#FFD727,#8B453A,#3B3B94,#D4A03E
#9d785f,#B85C47,#FFD728,#8B453B,#3B3B95,#D4A03F
#9d775f,#B85C48,#FFD729,#8B453C,#3B3B96,#D4A040
#9d765f,#B85C49,#FFD72A,#8B453D,#3B3B97,#D4A041
#9f785f,#B85C4A,#FFD72B,#8B453E,#3B3B98,#D4A042
#9f775f,#B85C4B,#FFD72C,#8B453F,#3B3B99,#D4A043
#9f765f,#B85C4C,#FFD72D,#8B4540,#3B3B9A,#D4A044
#9c785f,#B85C4D,#FFD72E,#8B4541,#3B3B9B,#D4A045
#9c775f,#B85C4E,#FFD72F,#8B4542,#3B3B9C,#D4A046
#9c765f,#B85C4F,#FFD730,#8B4543,#3B3B9D,#D4A047
#9e7863,#B85C50,#FFD731,#8B4544,#3B3B9E,#D4A048
#9e7864,#B85C51,#FFD732,#8B4545,#3B3B9F,#D4A049
#ad8458,#8B6D49,#FFD73B,#B0E0E9,#D2B48D,#708091
#ad835a,#8B6D4A,#FFD73C,#B0E0EA,#D2B48E,#708092
#ad8459,#8B6D4B,#FFD73D,#B0E0EB,#D2B48F,#708093
#ad835b,#8B6D4C,#FFD73E,#B0E0EC,#D2B490,#708094
#ad8358,#8B6D4D,#FFD73F,#B0E0ED,#D2B491,#708095
#ad8259,#8B6D4E,#FFD740,#B0E0EE,#D2B492,#708096
#ad845a,#8B6D4F,#FFD741,#B0E0EF,#D2B493,#708097
#ad8258,#8B6D50,#FFD742,#B0E0F0,#D2B494,#708098
#ad825a,#8B6D51,#FFD743,#B0E0F1,#D2B495,#708099
#ad8357,#8B6D52,#FFD744,#B0E0F2,#D2B496,#70809A
#ad835c,#8B6D53,#FFD745,#B0E0F3,#D2B497,#70809B
#ad825b,#8B6D54,#FFD746,#B0E0F4,#D2B498,#70809C
#ad845b,#8B6D55,#FFD747,#B0E0F5,#D2B499,#70809D
#ad8457,#8B6D56,#FFD748,#B0E0F6,#D2B49A,#70809E
#ad835d,#8B6D57,#FFD749,#B0E0F7,#D2B49B,#70809F
#ad8356,#8B6D58,#FFD74A,#B0E0F8,#D2B49C,#7080A0
#ad8257,#8B6D59,#FFD74B,#B0E0F9,#D2B49D,#7080A1
#ad825c,#8B6D5A,#FFD74C,#B0E0FA,#D2B49E,#7080A2
#ad835e,#8B6D5B,#FFD74D,#B0E0FB,#D2B49F,#7080A3
#ad845c,#8B6D5C,#FFD74E,#B0E0FC,#D2B4A0,#7080A4
#ad8256,#8B6D5D,#FFD74F,#B0E0FD,#D2B4A1,#7080A5
#ad845d,#8B6D5E,#FFD750,#B0E0FE,#D2B4A2,#7080A6
#ad825d,#8B6D5F,#FFD751,#B0E0FF,#D2B4A3,#7080A7
#ad835f,#8B6D60,#FFD752,#B0E0E8,#D2B4A4,#7080A8
#ad845e,#8B6D61,#FFD753,#AFDFE8,#D2B4A5,#7080A9
#ad825e,#8B6D62,#FFD754,#AFDEE8,#D2B4A6,#7080AA
#ad825f,#8B6D63,#FFD755,#AFDDE8,#D2B4A7,#7080AB
#ad845f,#8B6D64,#FFD756,#AFDCE8,#D2B4A8,#7080AC
#ad8159,#8B6D65,#FFD757,#AFDCE8,#D2B4A9,#7080AD
#ad815a,#8B6D66,#FFD758,#AFCBE8,#D2B4AA,#7080AE
#ad8059,#8B6D67,#FFD759,#AFCAE8,#D2B4AB,#7080AF
#ad805a,#8B6D68,#FFD75A,#AFC9E8,#D2B4AC,#7080B0
#ad8158,#8B6D69,#FFD75B,#AFC8E8,#D2B4AD,#7080B1
#ad8058,#8B6D6A,#FFD75C,#AFC7E8,#D2B4AE,#7080B2
#ad815b,#8B6D6B,#FFD75D,#AFC6E8,#D2B4AF,#7080B3
#ad805b,#8B6D6C,#FFD75E,#AFC5E8,#D2B4B0,#7080B4
#ad8157,#8B6D6E,#FFD75F,#AFC4E8,#D2B4B1,#7080B5
#ad8057,#8B6D6F,#FFD760,#AFC3E8,#D2B4B2,#7080B6
#ad815c,#8B6D70,#FFD761,#AFC2E8,#D2B4B3,#7080B7
#ad805c,#8B6D71,#FFD762,#AFC1E8,#D2B4B4,#7080B8
#ad8156,#8B6D72,#FFD763,#AFC0E8,#D2B4B5,#7080B9
#ad8056,#8B6D73,#FFD764,#AFBFE8,#D2B4B6,#7080BA
#ad815d,#8B6D74,#FFD765,#AFBEE8,#D2B4B7,#7080BB
#ad805d,#8B6D75,#FFD766,#AFBDE8,#D2B4B8,#7080BC
#ad815e,#8B6D76,#FFD767,#AFBCE8,#D2B4B9,#7080BD
#ad805e,#8B6D77,#FFD768,#AFBCE8,#D2B4BA,#7080BE
#ad815f,#8B6D78,#FFD769,#AFBBE8,#D2B4BB,#7080BF
#ad805f,#8B6D79,#FFD76A,#AFBAE8,#D2B4BC,#7080C0
#ad825f,#8B6D7A,#FFD76B,#AFB9E8,#D2B4BD,#7080C1
#ad8058,#8B6D7B,#FFD76C,#AFB8E8,#D2B4BE,#7080C2
#a66d33,#A0522E,#FFDABA,#B8860C,#8B0001,#556B30
#a56c34,#A0522F,#FFDABB,#B8860D,#8B0002,#556B31
#a66d34,#A05230,#FFDABC,#B8860E,#8B0003,#556B32
#a56c33,#A05231,#FFDABD,#B8860F,#8B0004,#556B33
#a56d33,#A05232,#FFDABE,#B88610,#8B0005,#556B34
#a46d34,#A05233,#FFDABF,#B88611,#8B0006,#556B35
#a66c34,#A05234,#FFDAC0,#B88612,#8B0007,#556B36
#a46d33,#A05235,#FFDAC1,#B88613,#8B0008,#556B37
#a56d34,#A05236,#FFDAC2,#B88614,#8B0009,#556B38
#a46c34,#A05237,#FFDAC3,#B88615,#8B000A,#556B39
#a66d35,#A05238,#FFDAC4,#B88616,#8B000B,#556B3A
#a56e34,#A05239,#FFDAC5,#B88617,#8B000C,#556B3B
#a56c35,#A0523A,#FFDAC6,#B88618,#8B000D,#556B3C
#a46d35,#A0523B,#FFDAC7,#B88619,#8B000E,#556B3D
#a56d35,#A0523C,#FFDAC8,#B8861A,#8B000F,#556B3E
#a46c35,#A0523D,#FFDAC9,#B8861B,#8B0010,#556B3F
#a66c33,#A0523E,#FFDACA,#B8861C,#8B0011,#556B40
#a66e34,#A0523F,#FFDACB,#B8861D,#8B0012,#556B41
#a56e33,#A05240,#FFDACC,#B8861E,#8B0013,#556B42
#a46e34,#A05241,#FFDACD,#B8861F,#8B0014,#556B43
#a46d32,#A05242,#FFDACE,#B88620,#8B0015,#556B44
#a56c32,#A05243,#FFDACF,#B88621,#8B0016,#556B45
#a66c35,#A05244,#FFDAD0,#B88622,#8B0017,#556B46
#a46e33,#A05245,#FFDAD1,#B88623,#8B0018,#556B47
#a46d31,#A05246,#FFDAD2,#B88624,#8B0019,#556B48
#a66e33,#A05247,#FFDAD3,#B88625,#8B001A,#556B49
#a56e35,#A05248,#FFDAD4,#B88626,#8B001B,#556B4A
#a46c32,#A05249,#FFDAD5,#B88627,#8B001C,#556B4B
#a46e35,#A0524A,#FFDAD6,#B88628,#8B001D,#556B4C
#a66d32,#A0524B,#FFDAD7,#B88629,#8B001E,#556B4D
#a46c33,#A0524C,#FFDAD8,#B8862A,#8B001F,#556B4E
#a66e35,#A0524D,#FFDAD9,#B8862B,#8B0020,#556B4F
#a56d32,#A0524E,#FFDADA,#B8862C,#8B0021,#556B50
#a66c32,#A0524F,#FFDADB,#B8862D,#8B0022,#556B51
#a56e32,#A05250,#FFDADC,#B8862E,#8B0023,#556B52
#a66d31,#A05251,#FFDADD,#B8862F,#8B0024,#556B53
#a56c31,#A05252,#FFDADE,#B88630,#8B0025,#556B54
#a46d36,#A05253,#FFDADF,#B88631,#8B0026,#556B55
#a66c31,#A05254,#FFDAE0,#B88632,#8B0027,#556B56
#a46c36,#A05255,#FFDAE1,#B88633,#8B0028,#556B57
#a46e36,#A05256,#FFDAE2,#B88634,#8B0029,#556B58
#a56d36,#A05257,#FFDAE3,#B88635,#8B002A,#556B59
#a56e36,#A05258,#FFDAE4,#B88636,#8B002B,#556B5A
#a66d36,#A05259,#FFDAE5,#B88637,#8B002C,#556B5B
#a46c36,#A0525A,#FFDAE6,#B88638,#8B002D,#556B5C
#a56c36,#A0525B,#FFDAE7,#B88639,#8B002E,#556B5D
#a66c36,#A0525C,#FFDAE8,#B8863A,#8B002F,#556B5E
#a66e36,#A0525D,#FFDAE9,#B8863B,#8B0030,#556B5F
#a46d37,#A0525E,#FFDAEA,#B8863C,#8B0031,#556B60
#a56d37,#A0525F,#FFDAEB,#B8863D,#8B0032,#556B61
#7e4721,#B85C37,#FFD701,#8B4514,#3B3B6E,#D4A018
#7d4622,#B85C36,#FFD702,#8B4515,#3B3B6F,#D4A019
#7e4622,#B85C35,#FFD703,#8B4516,#3B3B70,#D4A01A
#7c4721,#B85C34,#FFD704,#8B4517,#3B3B71,#D4A01B
#7d4821,#B85C33,#FFD705,#8B4518,#3B3B72,#D4A01C
#7e4722,#B85C32,#FFD706,#8B4519,#3B3B73,#D4A01D
#7c4821,#B85C31,#FFD707,#8B451A,#3B3B74,#D4A01E
#7d4621,#B85C30,#FFD708,#8B451B,#3B3B75,#D4A01F
#7e4821,#B85C39,#FFD709,#8B451C,#3B3B76,#D4A020
#7c4722,#B85C3A,#FFD70A,#8B451D,#3B3B77,#D4A021
#7d4521,#B85C3B,#FFD70B,#8B451E,#3B3B78,#D4A022
#7e4521,#B85C3C,#FFD70C,#8B451F,#3B3B79,#D4A023
#7c4621,#B85C3D,#FFD70D,#8B4520,#3B3B7A,#D4A024
#7d4720,#B85C3E,#FFD70E,#8B4521,#3B3B7B,#D4A025
#7d4522,#B85C3F,#FFD70F,#8B4522,#3B3B7C,#D4A026
#7e4621,#B85C40,#FFD710,#8B4523,#3B3B7D,#D4A027
#7c4822,#B85C29,#FFD711,#8B4524,#3B3B7E,#D4A028
#7e4522,#B85C28,#FFD712,#8B4525,#3B3B7F,#D4A029
#7c4622,#B85C27,#FFD713,#8B4526,#3B3B80,#D4A02A
#7d4822,#B85C26,#FFD714,#8B4527,#3B3B81,#D4A02B
#7c4421,#B85C25,#FFD715,#8B4528,#3B3B82,#D4A02C
#7e4720,#B85C24,#FFD716,#8B4529,#3B3B83,#D4A02D
#7d4421,#B85C23,#FFD717,#8B452A,#3B3B84,#D4A02E
#7d4723,#B85C22,#FFD718,#8B452B,#3B3B85,#D4A02F
#7e4723,#B85C21,#FFD719,#8B452C,#3B3B86,#D4A030
#7c4521,#B85C20,#FFD71A,#8B452D,#3B3B87,#D4A031
#7d4321,#B85C3E,#FFD71B,#8B452E,#3B3B88,#D4A032
#7e4421,#B85C3D,#FFD71C,#8B452F,#3B3B89,#D4A033
#7c4623,#B85C3C,#FFD71D,#8B4530,#3B3B8A,#D4A034
#7d4422,#B85C3B,#FFD71E,#8B4531,#3B3B8B,#D4A035
#7d4322,#B85C3A,#FFD71F,#8B4532,#3B3B8C,#D4A036
#7e4523,#B85C39,#FFD720,#8B4533,#3B3B8D,#D4A037
#7c4723,#B85C40,#FFD721,#8B4534,#3B3B8E,#D4A038
#7d4420,#B85C41,#FFD722,#8B4535,#3B3B8F,#D4A039
#7e4422,#B85C42,#FFD723,#8B4536,#3B3B90,#D4A03A
#7c4522,#B85C43,#FFD724,#8B4537,#3B3B91,#D4A03B
#7d4623,#B85C44,#FFD725,#8B4538,#3B3B92,#D4A03C
#7e4321,#B85C45,#FFD726,#8B4539,#3B3B93,#D4A03D
#7c4321,#B85C46,#FFD727,#8B453A,#3B3B94,#D4A03E
#7d4523,#B85C47,#FFD728,#8B453B,#3B3B95,#D4A03F
#7e4623,#B85C48,#FFD729,#8B453C,#3B3B96,#D4A040
#7c4422,#B85C49,#FFD72A,#8B453D,#3B3B97,#D4A041
#7d4323,#B85C4A,#FFD72B,#8B453E,#3B3B98,#D4A042
#7e4423,#B85C4B,#FFD72C,#8B453F,#3B3B99,#D4A043
#7c4523,#B85C4C,#FFD72D,#8B4540,#3B3B9A,#D4A044
#7d4320,#B85C4D,#FFD72E,#8B4541,#3B3B9B,#D4A045
#7e4520,#B85C4E,#FFD72F,#8B4542,#3B3B9C,#D4A046
#7c4620,#B85C4F,#FFD730,#8B4543,#3B3B9D,#D4A047
#7d4620,#B85C50,#FFD731,#8B4544,#3B3B9E,#D4A048
#7e4620,#B85C51,#FFD732,#8B4545,#3B3B9F,#D4A049
#9c5f3d,#8B6D49,#FFD73B,#B0E0E9,#D2B48D,#708091
#9b603d,#8B6D4A,#FFD73C,#B0E0EA,#D2B48E,#708092
#9c603d,#8B6D4B,#FFD73D,#B0E0EB,#D2B48F,#708093
#9a5f3d,#8B6D4C,#FFD73E,#B0E0EC,#D2B490,#708094
#9b5e3d,#8B6D4D,#FFD73F,#B0E0ED,#D2B491,#708095
#9c5e3d,#8B6D4E,#FFD740,#B0E0EE,#D2B492,#708096
#9a603d,#8B6D4F,#FFD741,#B0E0EF,#D2B493,#708097
#9b5f3c,#8B6D50,#FFD742,#B0E0F0,#D2B494,#708098
#9b5e3c,#8B6D51,#FFD743,#B0E0F1,#D2B495,#708099
#9a5e3d,#8B6D52,#FFD744,#B0E0F2,#D2B496,#70809A
#9c5f3e,#8B6D53,#FFD745,#B0E0F3,#D2B497,#70809B
#9b603e,#8B6D54,#FFD746,#B0E0F4,#D2B498,#70809C
#9c603e,#8B6D55,#FFD747,#B0E0F5,#D2B499,#70809D
#9a5f3e,#8B6D56,#FFD748,#B0E0F6,#D2B49A,#70809E
#9b5d3d,#8B6D57,#FFD749,#B0E0F7,#D2B49B,#70809F
#9b5d3c,#8B6D58,#FFD74A,#B0E0F8,#D2B49C,#7080A0
#9a5f3c,#8B6D59,#FFD74B,#B0E0F9,#D2B49D,#7080A1
#9c5d3d,#8B6D5A,#FFD74C,#B0E0FA,#D2B49E,#7080A2
#9b5f3b,#8B6D5B,#FFD74D,#B0E0FB,#D2B49F,#7080A3
#9b5c3d,#8B6D5C,#FFD74E,#B0E0FC,#D2B4A0,#7080A4
#9c5e3e,#8B6D5D,#FFD74F,#B0E0FD,#D2B4A1,#7080A5
#9a5e3c,#8B6D5E,#FFD750,#B0E0FE,#D2B4A2,#7080A6
#9a5d3d,#8B6D5F,#FFD751,#B0E0FF,#D2B4A3,#7080A7
#9c603b,#8B6D60,#FFD752,#B0E0E8,#D2B4A4,#7080A8
#9c5c3d,#8B6D61,#FFD753,#AFDFE8,#D2B4A5,#7080A9
#9b603b,#8B6D62,#FFD754,#AFDEE8,#D2B4A6,#7080AA
#9b5d3e,#8B6D63,#FFD755,#AFDDE8,#D2B4A7,#7080AB
#9c5f3b,#8B6D64,#FFD756,#AFDCE8,#D2B4A8,#7080AC
#9c5d3c,#8B6D65,#FFD757,#AFDCE8,#D2B4A9,#7080AD
#9a603b,#8B6D66,#FFD758,#AFCBE8,#D2B4AA,#7080AE
#9c5b3d,#8B6D67,#FFD759,#AFCAE8,#D2B4AB,#7080AF
#9a5f3b,#8B6D68,#FFD75A,#AFC9E8,#D2B4AC,#7080B0
#9b5c3c,#8B6D69,#FFD75B,#AFC8E8,#D2B4AD,#7080B1
#9c5e3b,#8B6D6A,#FFD75C,#AFC7E8,#D2B4AE,#7080B2
#9b5b3d,#8B6D6B,#FFD75D,#AFC6E8,#D2B4AF,#7080B3
#9a5e3b,#8B6D6C,#FFD75E,#AFC5E8,#D2B4B0,#7080B4
#9c603c,#8B6D6E,#FFD75F,#AFC4E8,#D2B4B1,#7080B5
#9a5c3d,#8B6D6F,#FFD760,#AFC3E8,#D2B4B2,#7080B6
#9b5d3b,#8B6D70,#FFD761,#AFC2E8,#D2B4B3,#7080B7
#9b5c3e,#8B6D71,#FFD762,#AFC1E8,#D2B4B4,#7080B8
#9c5b3c,#8B6D72,#FFD763,#AFC0E8,#D2B4B5,#7080B9
#9b5e3b,#8B6D73,#FFD764,#AFBFE8,#D2B4B6,#7080BA
#9c5d3b,#8B6D74,#FFD765,#AFBEE8,#D2B4B7,#7080BB
#9b603c,#8B6D75,#FFD766,#AFBDE8,#D2B4B8,#7080BC
#9a5d3b,#8B6D76,#FFD767,#AFBCE8,#D2B4B9,#7080BD
#9c5f3a,#8B6D77,#FFD768,#AFBCE8,#D2B4BA,#7080BE
#9c5c3b,#8B6D78,#FFD769,#AFBBE8,#D2B4BB,#7080BF
#9a603c,#8B6D79,#FFD76A,#AFBAE8,#D2B4BC,#7080C0
#9c5a3d,#8B6D7A,#FFD76B,#AFB9E8,#D2B4BD,#7080C1
#9b5b3b,#8B6D7B,#FFD76C,#AFB8E8,#D2B4BE,#7080C2
#8f522c,#A0522E,#FFDABA,#B8860C,#8B0001,#556B30
#8d522d,#A0522F,#FFDABB,#B8860D,#8B0002,#556B31
#8f522d,#A05230,#FFDABC,#B8860E,#8B0003,#556B32
#8e512d,#A05231,#FFDABD,#B8860F,#8B0004,#556B33
#8e532d,#A05232,#FFDABE,#B88610,#8B0005,#556B34
#8f512d,#A05233,#FFDABF,#B88611,#8B0006,#556B35
#8d512d,#A05234,#FFDAC0,#B88612,#8B0007,#556B36
#8e522c,#A05235,#FFDAC1,#B88613,#8B0008,#556B37
#8e532c,#A05236,#FFDAC2,#B88614,#8B0009,#556B38
#8d532d,#A05237,#FFDAC3,#B88615,#8B000A,#556B39
#8e512c,#A05238,#FFDAC4,#B88616,#8B000B,#556B3A
#8f532c,#A05239,#FFDAC5,#B88617,#8B000C,#556B3B
#8d522c,#A0523A,#FFDAC6,#B88618,#8B000D,#556B3C
#8f512c,#A0523B,#FFDAC7,#B88619,#8B000E,#556B3D
#8e542d,#A0523C,#FFDAC8,#B8861A,#8B000F,#556B3E
#8d542d,#A0523D,#FFDAC9,#B8861B,#8B0010,#556B3F
#8f542d,#A0523E,#FFDACA,#B8861C,#8B0011,#556B40
#8e542c,#A0523F,#FFDACB,#B8861D,#8B0012,#556B41
#8d532c,#A05240,#FFDACC,#B8861E,#8B0013,#556B42
#8f532d,#A05241,#FFDACD,#B8861F,#8B0014,#556B43
#8d502d,#A05242,#FFDACE,#B88620,#8B0015,#556B44
#8f502d,#A05243,#FFDACF,#B88621,#8B0016,#556B45
#8e502d,#A05244,#FFDAD0,#B88622,#8B0017,#556B46
#8d512c,#A05245,#FFDAD1,#B88623,#8B0018,#556B47
#8f502c,#A05246,#FFDAD2,#B88624,#8B0019,#556B48
#8e532e,#A05247,#FFDAD3,#B88625,#8B001A,#556B49
#8d542c,#A05248,#FFDAD4,#B88626,#8B001B,#556B4A
#8f522e,#A05249,#FFDAD5,#B88627,#8B001C,#556B4B
#8f502e,#A0524A,#FFDAD6,#B88628,#8B001D,#556B4C
#8d502c,#A0524B,#FFDAD7,#B88629,#8B001E,#556B4D
#8e512e,#A0524C,#FFDAD8,#B8862A,#8B001F,#556B4E
#8d532e,#A0524D,#FFDAD9,#B8862B,#8B0020,#556B4F
#8f532e,#A0524E,#FFDADA,#B8862C,#8B0021,#556B50
#8e542e,#A0524F,#FFDADB,#B8862D,#8B0022,#556B51
#8d542e,#A05250,#FFDADC,#B8862E,#8B0023,#556B52
#8f542e,#A05251,#FFDADD,#B8862F,#8B0024,#556B53
#8e502e,#A05252,#FFDADE,#B88630,#8B0025,#556B54
#8f502f,#A05253,#FFDADF,#B88631,#8B0026,#556B55
#8d502e,#A05254,#FFDAE0,#B88632,#8B0027,#556B56
#8e512f,#A05255,#FFDAE1,#B88633,#8B0028,#556B57
#8d532f,#A05256,#FFDAE2,#B88634,#8B0029,#556B58
#8f532f,#A05257,#FFDAE3,#B88635,#8B002A,#556B59
#8e542f,#A05258,#FFDAE4,#B88636,#8B002B,#556B5A
#8d542f,#A05259,#FFDAE5,#B88637,#8B002C,#556B5B
#8f542f,#A0525A,#FFDAE6,#B88638,#8B002D,#556B5C
#8e502f,#A0525B,#FFDAE7,#B88639,#8B002E,#556B5D
#8f512f,#A0525C,#FFDAE8,#B8863A,#8B002F,#556B5E
#8d512f,#A0525D,#FFDAE9,#B8863B,#8B0030,#556B5F
#8f522f,#A0525E,#FFDAEA,#B8863C,#8B0031,#556B60
#8d522f,#A0525F,#FFDAEB,#B8863D,#8B0032,#556B61
#4a0f01,#61789F,#9E6179,#789E62,#9E7879,#78619F
#490e00,#6178A0,#9E617A,#789E63,#9E787A,#7861A0
#4c1103,#6178A1,#9E617B,#789E64,#9E787B,#7861A1
#4a0e02,#6178A2,#9E617C,#789E65,#9E787C,#7861A2
#4d1304,#6178A3,#9E617D,#789E66,#9E787D,#7861A3
#4c1005,#6178A4,#9E617E,#789E67,#9E787E,#7861A4
#491001,#6178A5,#9E617F,#789E68,#9E787F,#7861A5
#4b0f03,#6178A6,#9E6180,#789E69,#9E7880,#7861A6
#4d0e01,#6178A7,#9E6181,#789E6A,#9E7881,#7861A7
#4a1106,#6178A8,#9E6182,#789E6B,#9E7882,#7861A8
#4c0d02,#6178A9,#9E6183,#789E6C,#9E7883,#7861A9
#4e0f04,#6178AA,#9E6184,#789E6D,#9E7884,#7861AA
#490c03,#6178AB,#9E6185,#789E6E,#9E7885,#7861AB
#4a0d01,#6178AC,#9E6186,#789E6F,#9E7886,#7861AC
#4b1205,#6178AD,#9E6187,#789E70,#9E7887,#7861AD
#4c0b00,#6178AE,#9E6188,#789E71,#9E7888,#7861AE
#4d1006,#6178AF,#9E6189,#789E72,#9E7889,#7861AF
#4a0c02,#6178B0,#9E618A,#789E73,#9E788A,#7861B0
#4b0e01,#6178B1,#9E618B,#789E74,#9E788B,#7861B1
#4e1305,#6178B2,#9E618C,#789E75,#9E788C,#7861B2
#4c0f03,#6178B3,#9E618D,#789E76,#9E788D,#7861B3
#4b0d02,#6178B4,#9E618E,#789E77,#9E788E,#7861B4
#4d0c04,#6178B5,#9E618F,#789E78,#9E788F,#7861B5
#4a1000,#6178B6,#9E6190,#789E79,#9E7890,#7861B6
#4b1306,#6178B7,#9E6191,#789E7A,#9E7891,#7861B7
#4c0e05,#6178B8,#9E6192,#789E7B,#9E7892,#7861B8
#4d0b02,#6178B9,#9E6193,#789E7C,#9E7893,#7861B9
#4a0b03,#6178BA,#9E6194,#789E7D,#9E7894,#7861BA
#4b0f00,#6178BB,#9E6195,#789E7E,#9E7895,#7861BB
#4c1106,#6178BC,#9E6196,#789E7F,#9E7896,#7861BC
#4e0e03,#6178BD,#9E6197,#789E80,#9E7897,#7861BD
#490d02,#6178BE,#9E6198,#789E81,#9E7898,#7861BE
#4b1004,#6178BF,#9E6199,#789E82,#9E7899,#7861BF
#4d1205,#6178C0,#9E619A,#789E83,#9E789A,#7861C0
#4c0c01,#6178C1,#9E619B,#789E84,#9E789B,#7861C1
#4e0d00,#6178C2,#9E619C,#789E85,#9E789C,#7861C2
#4a0f04,#6178C3,#9E619D,#789E86,#9E789D,#7861C3
#4b1102,#6178C4,#9E619E,#789E87,#9E789E,#7861C4
#4c1303,#6178C5,#9E619F,#789E88,#9E789F,#7861C5
#4d0f01,#6178C6,#9E61A0,#789E89,#9E78A0,#7861C6
#4a0e03,#6178C7,#9E61A1,#789E8A,#9E78A1,#7861C7
#4b0c05,#6178C8,#9E61A2,#789E8B,#9E78A2,#7861C8
#4c0d04,#6178C9,#9E61A3,#789E8C,#9E78A3,#7861C9
#4d1100,#6178CA,#9E61A4,#789E8D,#9E78A4,#7861CA
#4b0b01,#6178CB,#9E61A5,#789E8E,#9E78A5,#7861CB
#4a1005,#6178CC,#9E61A6,#789E8F,#9E78A6,#7861CC
#4c0e02,#6178CD,#9E61A7,#789E90,#9E78A7,#7861CD
#4d1304,#6178CE,#9E61A8,#789E91,#9E78A8,#7861CE
#4b0e03,#6178CF,#9E61A9,#789E92,#9E78A9,#7861CF
#4b1002,#6178D0,#9E61AA,#789E93,#9E78AA,#7861D0
#592101,#237C47,#467C24,#7C2347,#7C467D,#46237D
#582002,#237C48,#467C25,#7C2348,#7C467E,#46237E
#5a2002,#237C49,#467C26,#7C2349,#7C467F,#46237F
#591f02,#237C4A,#467C27,#7C234A,#7C4680,#462380
#592102,#237C4B,#467C28,#7C234B,#7C4681,#462381
#582102,#237C4C,#467C29,#7C234C,#7C4682,#462382
#582101,#237C4D,#467C2A,#7C234D,#7C4683,#462383
#5a2102,#237C4E,#467C2B,#7C234E,#7C4684,#462384
#591e02,#237C4F,#467C2C,#7C234F,#7C4685,#462385
#592202,#237C50,#467C2D,#7C2350,#7C4686,#462386
#582002,#237C51,#467C2E,#7C2351,#7C4687,#462387
#592202,#237C52,#467C2F,#7C2352,#7C4688,#462388
#5a1f02,#237C53,#467C30,#7C2353,#7C4689,#462389
#582102,#237C54,#467C31,#7C2354,#7C468A,#46238A
#592001,#237C55,#467C32,#7C2355,#7C468B,#46238B
#591e01,#237C56,#467C33,#7C2356,#7C468C,#46238C
#582002,#237C57,#467C34,#7C2357,#7C468D,#46238D
#5a2001,#237C58,#467C35,#7C2358,#7C468E,#46238E
#592101,#237C59,#467C36,#7C2359,#7C468F,#46238F
#581f02,#237C5A,#467C37,#7C235A,#7C4690,#462390
#592002,#237C5B,#467C38,#7C235B,#7C4691,#462391
#5a1f01,#237C5C,#467C39,#7C235C,#7C4692,#462392
#592201,#237C5D,#467C3A,#7C235D,#7C4693,#462393
#581e02,#237C5E,#467C3B,#7C235E,#7C4694,#462394
#592102,#237C5F,#467C3C,#7C235F,#7C4695,#462395
#5a2101,#237C60,#467C3D,#7C2360,#7C4696,#462396
#591f01,#237C61,#467C3E,#7C2361,#7C4697,#462397
#582002,#237C62,#467C3F,#7C2362,#7C4698,#462398
#5a2202,#237C63,#467C40,#7C2363,#7C4699,#462399
#592201,#237C64,#467C41,#7C2364,#7C469A,#46239A
#582101,#237C65,#467C42,#7C2365,#7C469B,#46239B
#5a2201,#237C66,#467C43,#7C2366,#7C469C,#46239C
#592002,#237C67,#467C44,#7C2367,#7C469D,#46239D
#581e01,#237C68,#467C45,#7C2368,#7C469E,#46239E
#5a2102,#237C69,#467C46,#7C2369,#7C469F,#46239F
#591e01,#237C6A,#467C47,#7C236A,#7C46A0,#4623A0
#582202,#237C6B,#467C48,#7C236B,#7C46A1,#4623A1
#592101,#237C6C,#467C49,#7C236C,#7C46A2,#4623A2
#5a2101,#237C6D,#467C4A,#7C236D,#7C46A3,#4623A3
#581f02,#237C6E,#467C4B,#7C236E,#7C46A4,#4623A4
#5a1e02,#237C6F,#467C4C,#7C236F,#7C46A5,#4623A5
#592202,#237C70,#467C4D,#7C2370,#7C46A6,#4623A6
#591f02,#237C71,#467C4E,#7C2371,#7C46A7,#4623A7
#5a1f02,#237C72,#467C4F,#7C2372,#7C46A8,#4623A8
#581e02,#237C73,#467C50,#7C2373,#7C46A9,#4623A9
#592001,#237C74,#467C51,#7C2374,#7C46AA,#4623AA
#5a2002,#237C75,#467C52,#7C2375,#7C46AB,#4623AB
#591f01,#237C76,#467C53,#7C2376,#7C46AC,#4623AC
#5a1e01,#237C77,#467C54,#7C2377,#7C46AD,#4623AD
#592202,#237C78,#467C55,#7C2378,#7C46AE,#4623AE
#56321C,#3B9C5D,#5C3B9D,#9C3B5D,#3B5C9D,#5C9C3C
#58341E,#3B9C5E,#5C3B9E,#9C3B5E,#3B5C9E,#5C9C3D
#55311B,#3B9C5F,#5C3B9F,#9C3B5F,#3B5C9F,#5C9C3E
#59341C,#3B9C60,#5C3BA0,#9C3B60,#3B5CA0,#5C9C3F
#57321E,#3B9C61,#5C3BA1,#9C3B61,#3B5CA1,#5C9C40
#56341D,#3B9C62,#5C3BA2,#9C3B62,#3B5CA2,#5C9C41
#59331F,#3B9C63,#5C3BA3,#9C3B63,#3B5CA3,#5C9C42
#55321C,#3B9C64,#5C3BA4,#9C3B64,#3B5CA4,#5C9C43
#58321D,#3B9C65,#5C3BA5,#9C3B65,#3B5CA5,#5C9C44
#56321E,#3B9C66,#5C3BA6,#9C3B66,#3B5CA6,#5C9C45
#57331C,#3B9C67,#5C3BA7,#9C3B67,#3B5CA7,#5C9C46
#58351D,#3B9C68,#5C3BA8,#9C3B68,#3B5CA8,#5C9C47
#56321F,#3B9C69,#5C3BA9,#9C3B69,#3B5CA9,#5C9C48
#59331E,#3B9C6A,#5C3BAA,#9C3B6A,#3B5CAA,#5C9C49
#57321C,#3B9C6B,#5C3BAB,#9C3B6B,#3B5CAB,#5C9C4A
#56331D,#3B9C6C,#5C3BAC,#9C3B6C,#3B5CAC,#5C9C4B
#58341F,#3B9C6D,#5C3BAD,#9C3B6D,#3B5CAD,#5C9C4C
#55321D,#3B9C6E,#5C3BAE,#9C3B6E,#3B5CAE,#5C9C4D
#59331C,#3B9C6F,#5C3BAF,#9C3B6F,#3B5CAF,#5C9C4E
#57341E,#3B9C70,#5C3BB0,#9C3B70,#3B5CB0,#5C9C4F
#56331F,#3B9C71,#5C3BB1,#9C3B71,#3B5CB1,#5C9C50
#58321C,#3B9C72,#5C3BB2,#9C3B72,#3B5CB2,#5C9C51
#55331D,#3B9C73,#5C3BB3,#9C3B73,#3B5CB3,#5C9C52
#59341D,#3B9C74,#5C3BB4,#9C3B74,#3B5CB4,#5C9C53
#57331F,#3B9C75,#5C3BB5,#9C3B75,#3B5CB5,#5C9C54
#56321D,#3B9C76,#5C3BB6,#9C3B76,#3B5CB6,#5C9C55
#58331E,#3B9C77,#5C3BB7,#9C3B77,#3B5CB7,#5C9C56
#55331F,#3B9C78,#5C3BB8,#9C3B78,#3B5CB8,#5C9C57
#59321C,#3B9C79,#5C3BB9,#9C3B79,#3B5CB9,#5C9C58
#57341D,#3B9C7A,#5C3BBA,#9C3B7A,#3B5CBA,#5C9C59
#56331E,#3B9C7B,#5C3BBB,#9C3B7B,#3B5CBB,#5C9C5A
#58321F,#3B9C7C,#5C3BBC,#9C3B7C,#3B5CBC,#5C9C5B
#55331C,#3B9C7D,#5C3BBD,#9C3B7D,#3B5CBD,#5C9C5C
#59341E,#3B9C7E,#5C3BBE,#9C3B7E,#3B5CBE,#5C9C5D
#57321F,#3B9C7F,#5C3BBF,#9C3B7F,#3B5CBF,#5C9C5E
#56341C,#3B9C80,#5C3BC0,#9C3B80,#3B5CC0,#5C9C5F
#58331F,#3B9C81,#5C3BC1,#9C3B81,#3B5CC1,#5C9C60
#55321E,#3B9C82,#5C3BC2,#9C3B82,#3B5CC2,#5C9C61
#59321D,#3B9C83,#5C3BC3,#9C3B83,#3B5CC3,#5C9C62
#57341C,#3B9C84,#5C3BC4,#9C3B84,#3B5CC4,#5C9C63
#56331C,#3B9C85,#5C3BC5,#9C3B85,#3B5CC5,#5C9C64
#58321E,#3B9C86,#5C3BC6,#9C3B86,#3B5CC6,#5C9C65
#55341D,#3B9C87,#5C3BC7,#9C3B87,#3B5CC7,#5C9C66
#59321F,#3B9C88,#5C3BC8,#9C3B88,#3B5CC8,#5C9C67
#57331E,#3B9C89,#5C3BC9,#9C3B89,#3B5CC9,#5C9C68
#56321E,#3B9C8A,#5C3BCA,#9C3B8A,#3B5CCA,#5C9C69
#58331D,#3B9C8B,#5C3BCB,#9C3B8B,#3B5CCB,#5C9C6A
#55331E,#3B9C8C,#5C3BCC,#9C3B8C,#3B5CCC,#5C9C6B
#59331D,#3B9C8D,#5C3BCD,#9C3B8D,#3B5CCD,#5C9C6C
#57321E,#3B9C8E,#5C3BCE,#9C3B8E,#3B5CCE,#5C9C6D
#69330C,#61789F,#9E6179,#789E62,#9E7879,#78619F
#6B340D,#6178A0,#9E617A,#789E63,#9E787A,#7861A0
#6A320C,#6178A1,#9E617B,#789E64,#9E787B,#7861A1
#69320B,#6178A2,#9E617C,#789E65,#9E787C,#7861A2
#6C350E,#6178A3,#9E617D,#789E66,#9E787D,#7861A3
#6A340D,#6178A4,#9E617E,#789E67,#9E787E,#7861A4
#6B330C,#6178A5,#9E617F,#789E68,#9E787F,#7861A5
#6C340D,#6178A6,#9E6180,#789E69,#9E7880,#7861A6
#69320C,#6178A7,#9E6181,#789E6A,#9E7881,#7861A7
#6A320D,#6178A8,#9E6182,#789E6B,#9E7882,#7861A8
#6B350C,#6178A9,#9E6183,#789E6C,#9E7883,#7861A9
#6C330C,#6178AA,#9E6184,#789E6D,#9E7884,#7861AA
#6A310C,#6178AB,#9E6185,#789E6E,#9E7885,#7861AB
#69310B,#6178AC,#9E6186,#789E6F,#9E7886,#7861AC
#6B340C,#6178AD,#9E6187,#789E70,#9E7887,#7861AD
#6A320E,#6178AE,#9E6188,#789E71,#9E7888,#7861AE
#6C330D,#6178AF,#9E6189,#789E72,#9E7889,#7861AF
#69330D,#6178B0,#9E618A,#789E73,#9E788A,#7861B0
#6A310D,#6178B1,#9E618B,#789E74,#9E788B,#7861B1
#6B320C,#6178B2,#9E618C,#789E75,#9E788C,#7861B2
#6C350D,#6178B3,#9E618D,#789E76,#9E788D,#7861B3
#69310C,#6178B4,#9E618E,#789E77,#9E788E,#7861B4
#6A340C,#6178B5,#9E618F,#789E78,#9E788F,#7861B5
#6B330D,#6178B6,#9E6190,#789E79,#9E7890,#7861B6
#6C320C,#6178B7,#9E6191,#789E7A,#9E7891,#7861B7
#69340C,#6178B8,#9E6192,#789E7B,#9E7892,#7861B8
#6A330E,#6178B9,#9E6193,#789E7C,#9E7893,#7861B9
#6B310C,#6178BA,#9E6194,#789E7D,#9E7894,#7861BA
#6C340C,#6178BB,#9E6195,#789E7E,#9E7895,#7861BB
#69320D,#6178BC,#9E6196,#789E7F,#9E7896,#7861BC
#6A320C,#6178BD,#9E6197,#789E80,#9E7897,#7861BD
#6B320D,#6178BE,#9E6198,#789E81,#9E7898,#7861BE
#6C330E,#6178BF,#9E6199,#789E82,#9E7899,#7861BF
#69310D,#6178C0,#9E619A,#789E83,#9E789A,#7861C0
#6A330D,#6178C1,#9E619B,#789E84,#9E789B,#7861C1
#6B350D,#6178C2,#9E619C,#789E85,#9E789C,#7861C2
#6C310C,#6178C3,#9E619D,#789E86,#9E789D,#7861C3
#69330E,#6178C4,#9E619E,#789E87,#9E789E,#7861C4
#6A310C,#6178C5,#9E619F,#789E88,#9E789F,#7861C5
#6B340E,#6178C6,#9E61A0,#789E89,#9E78A0,#7861C6
#6C320D,#6178C7,#9E61A1,#789E8A,#9E78A1,#7861C7
#69340D,#6178C8,#9E61A2,#789E8B,#9E78A2,#7861C8
#6A350C,#6178C9,#9E61A3,#789E8C,#9E78A3,#7861C9
#6B330E,#6178CA,#9E61A4,#789E8D,#9E78A4,#7861CA
#6C340D,#6178CB,#9E61A5,#789E8E,#9E78A5,#7861CB
#69320E,#6178CC,#9E61A6,#789E8F,#9E78A6,#7861CC
#6A310D,#6178CD,#9E61A7,#789E90,#9E78A7,#7861CD
#6B320E,#6178CE,#9E61A8,#789E91,#9E78A8,#7861CE
#6C310D,#6178CF,#9E61A9,#789E92,#9E78A9,#7861CF
#69330C,#6178D0,#9E61AA,#789E93,#9E78AA,#7861D0
#472f23,#237C47,#467C24,#7C2347,#7C467D,#46237D
#493225,#237C48,#467C25,#7C2348,#7C467E,#46237E
#463023,#237C49,#467C26,#7C2349,#7C467F,#46237F
#4a3326,#237C4A,#467C27,#7C234A,#7C4680,#462380
#483125,#237C4B,#467C28,#7C234B,#7C4681,#462381
#493324,#237C4C,#467C29,#7C234C,#7C4682,#462382
#463123,#237C4D,#467C2A,#7C234D,#7C4683,#462383
#4a3125,#237C4E,#467C2B,#7C234E,#7C4684,#462384
#473023,#237C4F,#467C2C,#7C234F,#7C4685,#462385
#493425,#237C50,#467C2D,#7C2350,#7C4686,#462386
#483225,#237C51,#467C2E,#7C2351,#7C4687,#462387
#4a3426,#237C52,#467C2F,#7C2352,#7C4688,#462388
#472e23,#237C53,#467C30,#7C2353,#7C4689,#462389
#493125,#237C54,#467C31,#7C2354,#7C468A,#46238A
#463224,#237C55,#467C32,#7C2355,#7C468B,#46238B
#4a3225,#237C56,#467C33,#7C2356,#7C468C,#46238C
#482f24,#237C57,#467C34,#7C2357,#7C468D,#46238D
#493325,#237C58,#467C35,#7C2358,#7C468E,#46238E
#463123,#237C59,#467C36,#7C2359,#7C468F,#46238F
#4a3324,#237C5A,#467C37,#7C235A,#7C4690,#462390
#473224,#237C5B,#467C38,#7C235B,#7C4691,#462391
#493424,#237C5C,#467C39,#7C235C,#7C4692,#462392
#463024,#237C5D,#467C3A,#7C235D,#7C4693,#462393
#4a3124,#237C5E,#467C3B,#7C235E,#7C4694,#462394
#482f23,#237C5F,#467C3C,#7C235F,#7C4695,#462395
#493225,#237C60,#467C3D,#7C2360,#7C4696,#462396
#463223,#237C61,#467C3E,#7C2361,#7C4697,#462397
#4a3325,#237C62,#467C3F,#7C2362,#7C4698,#462398
#473025,#237C63,#467C40,#7C2363,#7C4699,#462399
#493324,#237C64,#467C41,#7C2364,#7C469A,#46239A
#483023,#237C65,#467C42,#7C2365,#7C469B,#46239B
#4a3424,#237C66,#467C43,#7C2366,#7C469C,#46239C
#472f25,#237C67,#467C44,#7C2367,#7C469D,#46239D
#493125,#237C68,#467C45,#7C2368,#7C469E,#46239E
#463124,#237C69,#467C46,#7C2369,#7C469F,#46239F
#4a3123,#237C6A,#467C47,#7C236A,#7C46A0,#4623A0
#483124,#237C6B,#467C48,#7C236B,#7C46A1,#4623A1
#493225,#237C6C,#467C49,#7C236C,#7C46A2,#4623A2
#463324,#237C6D,#467C4A,#7C236D,#7C46A3,#4623A3
#4a3224,#237C6E,#467C4B,#7C236E,#7C46A4,#4623A4
#473124,#237C6F,#467C4C,#7C236F,#7C46A5,#4623A5
#493223,#237C70,#467C4D,#7C2370,#7C46A6,#4623A6
#463225,#237C71,#467C4E,#7C2371,#7C46A7,#4623A7
#4a3323,#237C72,#467C4F,#7C2372,#7C46A8,#4623A8
#482f22,#237C73,#467C50,#7C2373,#7C46A9,#4623A9
#493325,#237C74,#467C51,#7C2374,#7C46AA,#4623AA
#463025,#237C75,#467C52,#7C2375,#7C46AB,#4623AB
#4a3425,#237C76,#467C53,#7C2376,#7C46AC,#4623AC
#473225,#237C77,#467C54,#7C2377,#7C46AD,#4623AD
#493124,#237C78,#467C55,#7C2378,#7C46AE,#4623AE
#110E0D,#3B9C5D,#5C3B9D,#9C3B5D,#3B5C9D,#5C9C3C
#120F0E,#3B9C5E,#5C3B9E,#9C3B5E,#3B5C9E,#5C9C3D
#100D0C,#3B9C5F,#5C3B9F,#9C3B5F,#3B5C9F,#5C9C3E
#130F0E,#3B9C60,#5C3BA0,#9C3B60,#3B5CA0,#5C9C3F
#110F0C,#3B9C61,#5C3BA1,#9C3B61,#3B5CA1,#5C9C40
#120E0D,#3B9C62,#5C3BA2,#9C3B62,#3B5CA2,#5C9C41
#140F0D,#3B9C63,#5C3BA3,#9C3B63,#3B5CA3,#5C9C42
#100E0F,#3B9C64,#5C3BA4,#9C3B64,#3B5CA4,#5C9C43
#130E0C,#3B9C65,#5C3BA5,#9C3B65,#3B5CA5,#5C9C44
#110D0E,#3B9C66,#5C3BA6,#9C3B66,#3B5CA6,#5C9C45
#140E0C,#3B9C67,#5C3BA7,#9C3B67,#3B5CA7,#5C9C46
#110C0D,#3B9C68,#5C3BA8,#9C3B68,#3B5CA8,#5C9C47
#130D0E,#3B9C69,#5C3BA9,#9C3B69,#3B5CA9,#5C9C48
#140D0F,#3B9C6A,#5C3BAA,#9C3B6A,#3B5CAA,#5C9C49
#100C0E,#3B9C6B,#5C3BAB,#9C3B6B,#3B5CAB,#5C9C4A
#120C0F,#3B9C6C,#5C3BAC,#9C3B6C,#3B5CAC,#5C9C4B
#130C0D,#3B9C6D,#5C3BAD,#9C3B6D,#3B5CAD,#5C9C4C
#150E0D,#3B9C6E,#5C3BAE,#9C3B6E,#3B5CAE,#5C9C4D
#110C0F,#3B9C6F,#5C3BAF,#9C3B6F,#3B5CAF,#5C9C4E
#120B0E,#3B9C70,#5C3BB0,#9C3B70,#3B5CB0,#5C9C4F
#100B0C,#3B9C71,#5C3BB1,#9C3B71,#3B5CB1,#5C9C50
#140C0E,#3B9C72,#5C3BB2,#9C3B72,#3B5CB2,#5C9C51
#150D0F,#3B9C73,#5C3BB3,#9C3B73,#3B5CB3,#5C9C52
#120A0D,#3B9C74,#5C3BB4,#9C3B74,#3B5CB4,#5C9C53
#110B0C,#3B9C75,#5C3BB5,#9C3B75,#3B5CB5,#5C9C54
#130A0E,#3B9C76,#5C3BB6,#9C3B76,#3B5CB6,#5C9C55
#140A0D,#3B9C77,#5C3BB7,#9C3B77,#3B5CB7,#5C9C56
#150B0E,#3B9C78,#5C3BB8,#9C3B78,#3B5CB8,#5C9C57
#110A0C,#3B9C79,#5C3BB9,#9C3B79,#3B5CB9,#5C9C58
#12090D,#3B9C7A,#5C3BBA,#9C3B7A,#3B5CBA,#5C9C59
#13090E,#3B9C7B,#5C3BBB,#9C3B7B,#3B5CBB,#5C9C5A
#14090F,#3B9C7C,#5C3BBC,#9C3B7C,#3B5CBC,#5C9C5B
#100A0D,#3B9C7D,#5C3BBD,#9C3B7D,#3B5CBD,#5C9C5C
#150A0C,#3B9C7E,#5C3BBE,#9C3B7E,#3B5CBE,#5C9C5D
#160B0D,#3B9C7F,#5C3BBF,#9C3B7F,#3B5CBF,#5C9C5E
#12090C,#3B9C80,#5C3BC0,#9C3B80,#3B5CC0,#5C9C5F
#11090E,#3B9C81,#5C3BC1,#9C3B81,#3B5CC1,#5C9C60
#13080D,#3B9C82,#5C3BC2,#9C3B82,#3B5CC2,#5C9C61
#14080C,#3B9C83,#5C3BC3,#9C3B83,#3B5CC3,#5C9C62
#15090E,#3B9C84,#5C3BC4,#9C3B84,#3B5CC4,#5C9C63
#10080C,#3B9C85,#5C3BC5,#9C3B85,#3B5CC5,#5C9C64
#16090D,#3B9C86,#5C3BC6,#9C3B86,#3B5CC6,#5C9C65
#11080D,#3B9C87,#5C3BC7,#9C3B87,#3B5CC7,#5C9C66
#12080E,#3B9C88,#5C3BC8,#9C3B88,#3B5CC8,#5C9C67
#13070D,#3B9C89,#5C3BC9,#9C3B89,#3B5CC9,#5C9C68
#14070C,#3B9C8A,#5C3BCA,#9C3B8A,#3B5CCA,#5C9C69
#15080E,#3B9C8B,#5C3BCB,#9C3B8B,#3B5CCB,#5C9C6A
#16080D,#3B9C8C,#5C3BCC,#9C3B8C,#3B5CCC,#5C9C6B
#12070C,#3B9C8D,#5C3BCD,#9C3B8D,#3B5CCD,#5C9C6C
#13060D,#3B9C8E,#5C3BCE,#9C3B8E,#3B5CCE,#5C9C6D
